,author id,author name,category name,description,duration,hits,publication_ts,title,video_url,channel_id,total_subs,channel_desc,num_of_videos,url,likes_count,comments_count
0,24300881,–ü–æ–ª–∏–≥–æ–Ω 98,–ê–≤—Ç–æ-–º–æ—Ç–æ,"–ü–æ–¥–¥–µ—Ä–∂–∞—Ç—å –ü–æ–ª–∏–≥–æ–Ω 98 –Ω–∞ –ë—É—Å—Ç–∏ –º–æ–∂–Ω–æ —Ç—É—Ç: https://boosty.to/polygon98

Telegram: https://t.me/polygon_98

Rutube: https://rutube.ru/channel/24300881

–í–∫–æ–Ω—Ç–∞–∫—Ç–µ: https://vk.com/polygon98

–Ø–Ω–¥–µ–∫—Å –î–∑–µ–Ω: https://zen.yandex.ru/id/62244cdee43cbd1673e46658

–ò–Ω—Å—Ç–∞–≥—Ä–∞–º –ö–æ—Å—Ç–∏: https://www.instagram.com/polygon_spb/

–ò–Ω—Å—Ç–∞–≥—Ä–∞–º –°–∞–Ω–∏: https://www.instagram.com/aleksandr_anatolevich1/

–†–µ–∫–ª–∞–º–∞, —Å–æ—Ç—Ä—É–¥–Ω–∏—á–µ—Å—Ç–≤–æ: polygon98spb@gmail.com

#–ø–æ–ª–∏–≥–æ–Ω98 #—Å–∏–Ω—è—è–ø—Ç–∏—Ü–∞ #–∑–∏–ª4972",2187,23261,2025-03-02T12:01:11,–†–µ–¥–∫–∏–π –ó–ò–õ 4972 / –ö–æ—Å–º–æ–Ω–∞–≤—Ç—ã –ª—é–±—è—Ç —ç—Ç–∏ –º–∞—à–∏–Ω—ã,https://rutube.ru/video/fa0c2ff8875959c909186075a57ca5a9/,24300881,66937,"–ö–∞–Ω–∞–ª –æ –≤–Ω–µ–¥–æ—Ä–æ–∂–Ω—ã—Ö –ø—Ä–∏–∫–ª—é—á–µ–Ω–∏—è—Ö, —Å–æ–≤–µ—Ç—Å–∫–æ–π/—Ä–æ—Å—Å–∏–π—Å–∫–æ–π —Ç–µ—Ö–Ω–∏–∫–µ –∏ –µ–µ –æ–±—Å–ª—É–∂–∏–≤–∞–Ω–∏—é  –¢–µ–ª–µ–≥—Ä–∞–º: https://t.me/polygon_98 –í–∫–æ–Ω—Ç–∞–∫—Ç–µ: https://vk.com/polygon98 –Ø–Ω–¥–µ–∫—Å –î–∑–µ–Ω: https://zen.yandex.ru/id/62244cdee43cbd1673e46658 –ò–Ω—Å—Ç–∞–≥—Ä–∞–º –ö–æ—Å—Ç–∏: https://www.instagram.com/polygon_spb/ –ò–Ω—Å—Ç–∞–≥—Ä–∞–º –°–∞–Ω–∏: https://www.instagram.com/aleksandr_anatolevich1/ –†–µ–∫–ª–∞–º–∞, —Å–æ—Ç—Ä—É–¥–Ω–∏—á–µ—Å—Ç–≤–æ: polygon98spb@gmail.com https://knd.gov.ru/license?id=673610da7de0911509eda424&registryType=bloggersPermission",298,,,
1,26377482,–ú–∏—Ä –ú–∏—Ö–∞–∏–ª–∞ –û–Ω—É—Ñ—Ä–∏–µ–Ω–∫–æ,–ù–æ–≤–æ—Å—Ç–∏ –∏ –°–ú–ò,"–í—Å—ë, —á—Ç–æ –ø–æ—Å–ª–µ–¥–æ–≤–∞–ª–æ –ø–æ—Å–ª–µ 8 –º–∏–Ω—É—Ç –ø–æ–∑–æ—Ä–∞ –∫–ª–æ—É–Ω–∞ –≤ –û–≤–∞–ª—å–Ω–æ–º –∫–∞–±–∏–Ω–µ—Ç–µ –ë–µ–ª–æ–≥–æ –¥–æ–º–∞, –Ω–∞–≥–ª—è–¥–Ω–æ –∏–∑–æ–±—Ä–∞–∑–∏–ª–∏ –±—Ä–∞–∑–∏–ª—å—Ü—ã. –ë–µ–∑–æ—Ç–Ω–æ—Å–∏—Ç–µ–ª—å–Ω–æ —Å–ø–æ—Ä–æ–≤ –æ —Ç–æ–º, —Å–º–æ–∂–µ—Ç –∏–ª–∏ –Ω–µ—Ç, –∫–æ–≥–¥–∞ –∏ —á—Ç–æ –∏–º–µ–Ω–Ω–æ —Å–º–æ–∂–µ—Ç –ö.–•—É–Ω—Ç–∞ –æ—á–µ–≤–∏–¥–Ω–æ, —á—Ç–æ –ö–† –±—É–¥–µ—Ç —Ö—É–∂–µ, —á–µ–º –¥–æ —ç—Ç–æ–π —ç–ø–æ—Ö–∞–ª—å–Ω–æ–π –≤—Å—Ç—Ä–µ—á–∏.
        –ò –æ–ø—Ä–µ–¥–µ–ª—è—é—â–µ–º –∑–¥–µ—Å—å –±—É–¥–µ—Ç –Ω–µ –ø–æ–∑–∏—Ü–∏—è –≤–æ–≤—Å–µ –Ω–µ –µ–¥–∏–Ω–æ–π –ï–≤—Ä–æ–ø—ã, —Ç–µ–º –±–æ–ª–µ–µ –Ω–µ –ö–ª-–†–µ–∑. ‚Äì –æ–ø—Ä–µ–¥–µ–ª—è—é—â–∏–º, –≤ —Ç.—á. –∏ –ø–æ–∑–∏—Ü–∏—é –¢—Ä–∞–º–ø–∞, –±—É–¥–µ—Ç –ø—Ä–æ–¥–≤–∏–∂–µ–Ω–∏–µ –í–° –†–§ –Ω–∞ —Ñ—Ä–æ–Ω—Ç–µ.
         –ü–æ –¥–∞–Ω–Ω—ã–º War Reports –∑–∞ —Ñ–µ–≤—Ä–∞–ª—å –º—ã  –æ—Å–≤–æ–±–æ–¥–∏–ª–∏ 337,13 –∫–≤.–∫–º. –ù–µ–∫–æ—Ç–æ—Ä—ã–µ –Ω–∞—Å—á–∏—Ç–∞–ª–∏ –ø–æ—á—Ç–∏ 400.
–ê –≤—Ä–∞–∂–µ—Å–∫–∏–π –î-–°—Ç. –º–Ω–æ–≥–æ –º–µ–Ω—å—à–µ ‚Äì 192. –ü—Ä–∞–≤–¥–∞ —ç—Ç–∏ –¥–æ —Å–∏—Ö –ø–æ—Ä –≤–∏—Ä—Ç—É–∞–ª—å–Ω–æ –∫–æ–Ω—Ç—Ä–æ–ª–∏—Ä—É—é—Ç –∏ –õ—é–±–∏–º–æ–≤–∫—É –Ω–∞ –ö—É—Ä—â–∏–Ω–µ, –∏ –°–∫—É–¥–Ω–æ–µ —Å–µ–≤–µ—Ä–Ω–µ–µ –í.–ù–æ–≤–æ—Å–µ–ª–∫–∏. –î–∞–∂–µ –≤–µ–¥—É—Ç –±–æ–∏ –ø–æ–¥ –£–ª–∞–∫–ª—ã. 
    –°–ø—Ä–∞–≤–µ–¥–ª–∏–≤–æ—Å—Ç–∏ —Ä–∞–¥–∏ –Ω–∞–¥–æ –ø—Ä–∏–∑–Ω–∞—Ç—å, —á—Ç–æ —Ç–µ–º–ø—ã –Ω–∞—à–µ–≥–æ –Ω–∞—Å—Ç—É–ø–ª–µ–Ω–∏—è –º–∏–Ω–∏–º—É–º –≤–¥–≤–æ–µ –Ω–∏–∂–µ, —á–µ–º –±—ã–ª–∏ –≤ –Ω–æ—è–±—Ä–µ.
     –ù–æ —ç—Ç–æ –≤–æ–ø—Ä–æ—Å –Ω–µ –∫ –±–æ–π—Ü–∞–º –∏ –¥–∞–∂–µ –Ω–µ –∫ –∫–æ–º–±—Ä–∏–≥–∞–º-–∫–æ–º–∞–Ω–¥–∞—Ä–º–∞–º ‚Äì —Å—Ç—Ä–∞—Ç–µ–≥–∏—á–µ—Å–∫–∏–º –ø–ª–∞–Ω–∏—Ä–æ–≤–∞–Ω–∏–µ–º —É –Ω–∞—Å –≤–µ–¥–∞–µ—Ç –ì–® ‚Äì –∏–º–µ–Ω–Ω–æ —Ç–∞–º —Ä–µ—à–∞—é—Ç, –∫–∞–∫, —á–µ–º –∏ –≥–¥–µ –≤–æ–µ–≤–∞—Ç—å.
  –ò —Å –∫–µ–º, –∫—Å—Ç–∞—Ç–∏. 
     –û–¥–Ω–æ–π –∏–∑ –≤–µ–ª–∏—á–∞–π—à–∏—Ö –ø–µ—Ä–µ–º–æ–≥ —Ñ–µ–≤—Ä–∞–ª—è —Å—Ç–∞–ª–∞ –æ—Ç–ø—Ä–∞–≤–∫–∞ –∑–∞ —Ä–µ—à–µ—Ç–∫—É –≥–µ–Ω–µ—Ä–∞–ª–∞ –ü–æ–ø–æ–≤–∞, –≤–∏–Ω–æ–≤–Ω–æ–≥–æ –µ—â–µ –∏ –≤ —Ç–æ–º, —á—Ç–æ –æ–Ω –Ω–∞—Ä—É—à–∏–ª —É—Å–ª–æ–≤–∏—è –¥–æ–º–∞—à–Ω–µ–≥–æ –∞—Ä–µ—Å—Ç–∞. –ü–æ –≤–µ—Ä—Å–∏–∏ –æ–±–≤–∏–Ω–µ–Ω–∏—è, –≥–µ–Ω–µ—Ä–∞–ª –±–µ–∑ —Ä–∞–∑—Ä–µ—à–µ–Ω–∏—è –≤—ã–µ–∑–∂–∞–ª –∏–∑ –¢–∞–º–±–æ–≤–∞, –≥–¥–µ –∏–¥—É—Ç —Å—É–¥–µ–±–Ω—ã–µ –∑–∞—Å–µ–¥–∞–Ω–∏—è, –≤ –ú–æ—Å–∫–≤—É. –•–æ—Ç—è –ø–æ –∑–∞–∫–æ–Ω–∞–º –†–§ –æ–±—è–∑–∞–Ω –ø–æ–¥ –¥–æ–º–∞—à–Ω–∏–º –∞—Ä–µ—Å—Ç–æ–º –Ω–∞—Ö–æ–¥–∏—Ç—å—Å—è –ø–æ –º–µ—Å—Ç—É —Ä–µ–≥–∏—Å—Ç—Ä–∞—Ü–∏–∏, —Ç.–µ. –≤ –ú–æ—Å–∫–≤–µ. –ò —è–≤–ª—è—Ç—å—Å—è –Ω–∞ —Å—É–¥ —Ç–æ–∂–µ –æ–±—è–∑–∞–Ω. –¢–∞–∫ –∏ –µ–∑–¥–∏–ª –æ–ø–∞–ª—å–Ω—ã–π –≥–µ—Ä–æ–π, –æ—Ç—Ä–∞–∑–∏–≤—à–∏–π –Ω–∞—Å—Ç—É–ø–ª–µ–Ω–∏–µ –≤–æ–π—Å–∫ –•—É–Ω—Ç—ã –Ω–∞ –ó–∞–ø–æ—Ä.—Ñ—Ä–æ–Ω—Ç–µ, –µ–∑–¥–∏–ª —Å –∏—é–ª—è –ø—Ä–æ—à–ª–æ–≥–æ –≥–æ–¥–∞.
     –í—Å—ë —ç—Ç–æ –≤—Ä–µ–º—è —è –≤—Å–ø–æ–º–∏–Ω–∞—é –û*–ì–µ–Ω—Ä–∏, –±–æ–ª–µ–µ 100 –ª–µ—Ç –Ω–∞–∑–∞–¥ –ø–∏—Å–∞–≤—à–µ–≥–æ, —á—Ç–æ ¬´‚Ä¶—Ç—Ä–µ—Å—Ç –º–æ–∂–Ω–æ —Ä–∞–∑–±–∏—Ç—å –ª–∏—à—å –∏–∑–Ω—É—Ç—Ä–∏. –°–∏–¥–∏ –Ω–∞ –Ω–µ–º –∏ –∂–¥–∏, –∫–æ–≥–¥–∞ –ø—Ç–µ–Ω—á–∏–∫ —Ä–∞–∑–Ω–µ—Å–µ—Ç –≤—Å—é —Å–∫–æ—Ä–ª—É–ø—É¬ª.
      –ò –µ—Å–ª–∏ —á—Ç–æ –º–µ–Ω—è –∏ —É—Ç–µ—à–∞–µ—Ç, —Ç–∞–∫ —ç—Ç–æ —Ç–æ, —á—Ç–æ –ø–æ —Ç—É —Å—Ç–æ—Ä–æ–Ω—É –º—É—à–∫–∏ –ø—Ç–µ–Ω—á–∏–∫ –ó–µ–ª–µ–Ω—Å–∫–∏–π –¥–æ–ª–±–∏—Ç —Å–∫–æ—Ä–ª—É–ø—É –≤—Å—ë –∏–Ω—Ç–µ–Ω—Å–∏–≤–Ω–µ–µ –∏ —ç—Ñ—Ñ–µ–∫—Ç–∏–≤–Ω–µ–µ.
–ö–∞–∫ —Ä–µ–∑—É–ª—å—Ç–∞—Ç, —Å–æ–≤–º–µ—Å—Ç–Ω—ã–º–∏ —É—Å–∏–ª–∏—è–º–∏ –ö–ª-–†–µ–∑. –∏ –Ω–∞—à–∏—Ö —Ä–µ–±—è—Ç, –≤–æ—è–∫–∏ –•—É–Ω—Ç—ã –ø—è—Ç—è—Ç—Å—è –Ω–∞ –ó–∞–ø–∞–¥. 
      –í –ö—É—Ä—Å–∫–æ–π –æ–±–ª–∞—Å—Ç–∏ –±–ª–∞–≥–æ–¥–∞—Ä—è –Ω–∞—Å—Ç—É–ø–ª–µ–Ω–∏—é —É–∂–µ –≤ –°—É–º—Å–∫–æ–π –æ–±–ª–∞—Å—Ç–∏ —É–¥–∞–ª–æ—Å—å –∫—Ä–∞—Ç–Ω–æ —É–≤–µ–ª–∏—á–∏—Ç—å –ø–æ—Ç–µ—Ä–∏ –ø—Ä-–∫–∞ –Ω–∞ —Ç—Ä–∞—Å—Å–µ –≤ –°—É–¥–∂—É –∏ —Ö–æ—Ä–æ—à–µ–Ω—å–∫–æ –ø—Ä–∏–∂–∞—Ç—å –≤—Ä–∞–≥–∞ –Ω–∞ —Å–µ–≤–µ—Ä–µ. –î–∞–Ω–Ω—ã—Ö –æ–±—ä–µ–∫—Ç–∏–≤–Ω–æ–≥–æ –∫–æ–Ω—Ç—Ä–æ–ª—è –ø–æ –ú–∞–ª–æ–π  –õ–æ–∫–Ω–µ —É –º–µ–Ω—è –Ω–µ—Ç, –Ω–æ –ø–æ —Å–æ–æ–±—â–µ–Ω–∏—è–º —Å —ç—Ç–æ–≥–æ –Ω–∞–ø—Ä–∞–≤–ª–µ–Ω–∏—è, –Ω–∞—à–∏  —à—Ç—É—Ä–º–æ–≤–∏–∫–∏ —É–∂–µ –≤–µ–¥—É—Ç –±–æ–∏ –Ω–µ–ø–æ—Å—Ä–µ–¥—Å—Ç–≤–µ–Ω–Ω–æ –≤ –Ω.–ø. –ö–∞–∫, –≤–ø—Ä–æ—á–µ–º, –∏ –≤ –ù–æ–≤–µ–Ω—å–∫–æ–º ‚Äì –Ω–æ –≥–∞—Ä–∞–Ω—Ç–∏—Ä–æ–≤–∞—Ç—å —É–¥–µ—Ä–∂–∞–Ω–∏–µ –∑–¥–µ—Å—å –¥–æ–º–∏–∫–∞ –ª–µ—Å–Ω–∏–∫–∞, –≤–∞–∂–Ω–æ–≥–æ –¥–æ–º–∏–∫–∞, –Ω–µ—Ä–µ–∞–ª—å–Ω–æ.  
       –ê –≤–æ—Ç –≤–æ–∫—Ä—É–≥ –î–∑–µ—Ä–∂–∏–Ω—Å–∫–∞ —É –Ω–∞—Å –∑–∞—Ç—ã–∫ ‚Äì –∑–¥–µ—Å—å –±–∞–Ω–∞–ª—å–Ω–æ –Ω–µ —Ö–≤–∞—Ç–∞–µ—Ç —Ä–µ—Å—É—Ä—Å–æ–≤ –¥–ª—è –∫–æ–Ω—Ç—Ä–æ–ª—è –ø–µ—Ä–∏–º–µ—Ç—Ä–∞ —É–∂–µ –æ—Å–≤-–≥–æ –≥–æ—Ä–æ–¥–∞. –ó–¥–µ—Å—å –ø—Ä–æ—Ç—è–∂–µ–Ω–Ω–æ—Å—Ç—å –õ–ë–° –±–æ–ª–µ–µ 10 –∫–º, –∞ —Å–∏–ª –∏ —Å—Ä–µ–¥—Å—Ç–≤ –¥–ª—è —ç—Ñ—Ñ-–≥–æ –∫–æ–Ω—Ç—Ä–æ–ª—è –Ω–µ –≤—ã–¥–µ–ª–µ–Ω–æ. –ü—Ä–∏ —Ç–æ–º, —á—Ç–æ –ø–æ—Å—Ç–∞–≤–ª–µ–Ω–Ω—É—é –∑–∞–¥–∞—á—É –∏–¥—Ç–∏ –≤–ø–µ—Ä—ë–¥ –Ω–∏–∫—Ç–æ –Ω–µ –æ—Ç–º–µ–Ω—è–ª. –ö–∞–∫ —Ä–µ–∑-—Ç, –º–æ—Ç–æ—Ä–∏–∑–æ–≤–∞–Ω–Ω—ã–µ –≥—Ä—É–ø–ø—ã –ø—Ä-–∫–∞ —Ä–µ–≥—É–ª—è—Ä–Ω–æ –ø—Ä–æ—Ä—ã–≤–∞—é—Ç—Å—è –≤ –≥–æ—Ä–æ–¥, —á—Ç–æ –ø–æ–¥—Ç–≤–µ—Ä–∂–¥–∞–µ—Ç—Å—è –∏ –¥–∞–Ω–Ω—ã–º–∏ –æ–±—ä–µ–∫—Ç–∏–≤–Ω–æ–≥–æ –∫–æ–Ω—Ç—Ä–æ–ª—è. –í–ø—Ä–æ—á–µ–º, —ç—Ç–æ —Å–º–µ—Ä—Ç–Ω–∏–∫–∏, –∫–æ—Ç–æ—Ä—ã—Ö —Ç–∞–∫ –∂–µ —Ä–µ–≥—É–ª—è—Ä–Ω–æ —É–Ω–∏—á—Ç–æ–∂–∞—é—Ç. 
       –ù–æ –¥–æ–π—Ç–∏ –¥–æ –ö–ª–µ–±–∞–Ω-–ë—ã–∫–∞, –æ–± –æ—Å–≤-–∏–∏ –∫–æ—Ç–æ—Ä–æ–≥–æ –µ—â–µ –¥–Ω–µ–π 20 –Ω–∞–∑–∞–¥ —Å–æ–æ–±—â–∞–ª–∏ –≤ –î–æ–Ω–µ—Ü–∫–µ, –≤ —Ç–∞–∫–∏—Ö —Ä–µ–∞–ª–∏—è—Ö –Ω–µ—Ä–µ–∞–ª—å–Ω–æ.
        –ó–Ω–∞—á–∏—Ç–µ–ª—å–Ω–æ —É—Å–ø–µ—à–Ω–µ–µ —Ä–∞–∑–≤–∏–≤–∞–µ—Ç—Å—è –Ω–∞—Å—Ç—É–ø–ª–µ–Ω–∏–µ –∫ –∑–∞–ø–∞–¥—É –æ—Ç –ö—É—Ä–∞—Ö–æ–≤–æ –∏ –æ—Ç –í.–ù–æ–≤–æ—Å–µ–ª–æ–≤–∫–∏. –ù–∞ —ç—Ç–æ–º —É—á–∞—Å—Ç–∫–µ —Ñ—Ä–æ–Ω—Ç–∞, –∫–æ—Ç–æ—Ä—ã–π —è –∑–Ω–∞—é –¥–∞–∂–µ –ª—É—á—à–µ, —á–µ–º –•–∞—Ä—å–∫–æ–≤—Å–∫—É—é –æ–±–ª–∞—Å—Ç—å, –Ω–∞—à–∏ –∑–∞ —Ñ–µ–≤—Ä–∞–ª—å –æ—Å–≤–æ–±–æ–¥–∏–ª–∏ –º–∏–Ω–∏–º—É–º 143 –∫–≤.–∫–º., –¥–æ–±–∏–≤–∞—è –ø—Ä-–∫–∞ –≤ –ö–æ–Ω—Å—Ç–∞–Ω—Ç–∏–Ω–æ–ø–æ–ª–µ –∏ –ø—Ä–æ–ª–∞–º—ã–≤–∞—è —É–¥–∞—Ä–∞–º–∏ —Å —Ñ–ª–∞–Ω–≥–∞ 3-—é –ª–∏–Ω–∏—é –æ–±–æ—Ä–æ–Ω—ã –≤—Ä–∞–≥–∞ –≤ –î–Ω–µ–ø—Ä–æ—ç–Ω–µ—Ä–≥–∏–∏.
–í –•–∞—Ä–æ–±–ª. —Ä–∞—Å—à–∏—Ä—è–µ—Ç—Å—è –ø–ª–∞—Ü–¥–∞—Ä–º –Ω–∞ –∑–∞–ø.–±–µ—Ä–µ–≥—É –û—Å–∫–æ–ª–∞. –ù–∞—à–∏ –ø—Ä–∏–±–ª–∏–∂–∞—é—Ç—Å—è –∫ –ö—É–ø—è–Ω—Å–∫—É, –æ–¥–Ω–æ–≤—Ä–µ–º–µ–Ω–Ω–æ —Å—Ç—Ä–µ–º—è—Å—å —Å–æ–µ–¥–∏–Ω–∏—Ç—å—Å—è —Å –ø–ª–∞—Ü–¥–∞—Ä–º–æ–º —É –±—ã–≤—à–µ–π –≥—Ä–∞–Ω–∏—Ü—ã —Å–µ–≤–µ—Ä–Ω–µ–µ ‚Äì —Ç–∞–º –æ—Å–≤-–Ω–æ —Å.–¢–æ–ø–æ–ª–∏.
–ï—Å—Ç—å —É—Å–ø–µ—Ö–∏ –∏ –Ω–∞ –≤—Å–µ—Ö –æ—Å—Ç–∞–ª—å–Ω—ã—Ö —É—á–∞—Å—Ç–∫–∞—Ö —Ñ—Ä–æ–Ω—Ç–∞, –≤–ø–ª–æ—Ç—å –¥–æ –ü—Ä–∏–¥–Ω–µ–ø—Ä–æ–≤—å—è –∏ –ó–∞–ø—Ñ—Ä–æ–Ω—Ç–∞. 
     –ù–∞ –°–µ–≤–µ—Ä—Å–∫–æ–º –Ω–∞–ø—Ä–∞–≤–ª–µ–Ω–∏–∏ –≤–æ–ø—Ä–µ–∫–∏ –Ω–µ–∫–æ—Ç–æ—Ä—ã–º –Ω–∞—à–∏–º –∫–∞—Ä—Ç–∞–º, –ø–æ—Å–ª–µ –æ—Å–≤-–∏—è –ë–µ–ª–æ–≥–æ—Ä–æ–≤–∫–∏ –ø—Ä–æ–¥–æ–ª–∂–∞—é—Ç—Å—è –±–æ–∏ –∑–∞ —Ç–µ—Ä—Ä–∏–∫–æ–Ω—ã –ú–µ–ª–æ–≤–æ–≥–æ –∫–∞—Ä—å–µ—Ä–∞ ‚Äì –≤–∑—è—Ç—å –∏—Ö –Ω–∞–º –¥–æ —Å–∏—Ö –ø–æ—Ä –Ω–µ —É–¥–∞–ª–æ—Å—å.
     –ò –≤–æ–∫—Ä—É–≥ –ü–æ–∫—Ä–æ–≤—Å–∫–∞ –Ω–∞—à–∏ –ø—Ä–µ–¥—É—Å–º–æ—Ç—Ä–∏—Ç–µ–ª—å–Ω–æ —É—Å–∏–ª–∏–≤–∞—é—Ç –æ–±–æ—Ä–æ–Ω–∏—Ç–µ–ª—å–Ω—ã–µ —Ä—É–±–µ–∂–∏ –Ω–∞ —É–∂–µ –æ—Å–≤-—Ö –ø–æ–∑–∏—Ü–∏—è—Ö, –∞ –Ω–µ –ª–æ–º—è—Ç—Å—è –≤–ø–µ—Ä–µ–¥ ‚Äì –∑–¥–µ—Å—å –ø—Ä-–∫ –ø–æ—Å—Ç–æ—è–Ω–Ω–æ –∫–æ–Ω—Ç—Ä–∞—Ç–∞–∫—É–µ—Ç, –∏—Å–ø–æ–ª—å–∑—É—è –ø—Ä–µ–∏–º—É—â–µ—Å—Ç–≤–∞ –æ–ø–æ—Ä—ã –Ω–∞ –≥–æ—Ä–æ–¥—Å–∫—É—é –∞–≥–ª–æ–º–µ—Ä–∞—Ü–∏—é.
           –í–æ–∑–≤—Ä–∞—â–∞—è—Å—å –∫ —Ç–µ–º–µ –±–æ–ª—å—à–æ–π –ø–æ–ª–∏—Ç–∏–∫–∏. –°—Ç–æ–∏—Ç —Å–Ω—è—Ç—å —Ä–æ–∑–æ–≤—ã–µ –æ—á–∫–∏, –Ω–∞–±–ª—é–¥–∞—è –∑–∞ —Ç–µ–º, –∫–∞–∫ –≤—ã–ª–µ—Ç–µ–ª –∏–∑ –ë–µ–ª–æ–≥–æ –¥–æ–º–∞ –∫–ª–æ—É–Ω. –î–∞, –¢—Ä–∞–º–ø –±—É–¥–µ—Ç –ø—É–±–ª–∏—á–Ω–æ –∏–∑–æ–±—Ä–∞–∂–∞—Ç—å –∏–∑ —Å–µ–±—è –º–∏—Ä–æ—Ç–≤–æ—Ä—Ü–∞ –∏ –ø–µ—Ä–µ–∫—Ä—ã–≤–∞—Ç—å –ö.–•—É–Ω—Ç–µ –∫–∏—Å–ª–æ—Ä–æ–¥. –ù–æ –ø—Ä–∏ —ç—Ç–æ–º –Ω–µ–≥–ª–∞—Å–Ω–æ –ø–æ–¥–¥–µ—Ä–∂–∏–≤–∞—Ç—å –ø—Ä–æ–¥–æ–ª–∂–µ–Ω–∏–µ –ø–æ—Å—Ç–∞–≤–æ–∫ –ö–∏–µ–≤—É –æ—Ä—É–∂–∏—è –∏ –±–∞–±–ª–∞ —Å–≤–æ–∏–º–∏ –µ–≤—Ä–æ–≤–∞—Å—Å–∞–ª–∞–º–∏.
   –ò–º–µ–Ω–Ω–æ –ø–æ—ç—Ç–æ–º—É —Ä–µ—à–∞—é—â–∏–º –æ—Å—Ç–∞–µ—Ç—Å—è —É—Å–ø–µ—Ö —Ä—è–¥–æ–≤–æ–≥–æ —Ä—É—Å—Å–∫–æ–≥–æ —Å–æ–ª–¥–∞—Ç–∞. –ö–æ—Ç–æ—Ä—ã–π –Ω–µ–≤–∑–∏—Ä–∞—è –∏ –≤–æ–ø—Ä–µ–∫–∏ –∏–¥–µ—Ç –≤–ø–µ—Ä—ë–¥ —Ç–∞–∫ –∂–µ, –∫–∞–∫ –µ–≥–æ –ø—Ä–µ–¥–∫–∏ —à–ª–∏ –≤–æ –≤—Å–µ—Ö –≤–æ–π–Ω–∞—Ö –≤–µ–∫–∞–º–∏ —Ä–∞–Ω–µ–µ.
–ù–∞–ø–æ—Å–ª–µ–¥–æ–∫ –æ—Ç–º–µ—á—É, —á—Ç–æ —Ä—è–¥–æ–≤—ã–µ –∫–∞—Å—Ç—Ä—é–ª–∏ –ø–æ —Ç—É —Å—Ç–æ—Ä–æ–Ω—É –º—É—à–∫–∏ –Ω–∞—á–∏–Ω–∞—é—Ç –ø—Ä–æ–∑—Ä–µ–≤–∞—Ç—å. –î–∞–∂–µ —Ç–µ, –∫—Ç–æ –≤ —à–∏–∑–æ—Ñ—Ä–µ–Ω–∏—á–µ—Å–∫–æ–º –±—Ä–µ–¥—É —Ä–∞–Ω–µ–µ –Ω–∞–∑–≤–∞–ª —Å–≤–æ–µ–≥–æ —Ä–µ–±—ë–Ω–∫–∞ –î–∂–µ–≤–µ–ª–∏–Ω–æ–π.
  –ò –µ—Å–ª–∏ –ë–î –ø—Ä–æ–¥–ª—è—Ç—Å—è –µ—â–µ —Å –≥–æ–¥, –µ—Å—Ç—å –≤—Å–µ —à–∞–Ω—Å—ã –Ω–∞ —Ç–æ, —á—Ç–æ –∫–æ–ª–∏—á–µ—Å—Ç–≤–æ —Ç–∞–∫–∏ –ø–µ—Ä–µ–π–¥—ë—Ç –≤ –∫–∞—á–µ—Å—Ç–≤–æ –∏ –æ—Ä–≥–∞–Ω–∏–∑–æ–≤–∞–Ω–Ω—ã–π —è–Ω–∫–∏ –ö—É–µ–≤—Å–∫–∏–π —Ç—Ä–µ—Å—Ç —Ä–∞–∑–¥–æ–ª–±–∞—é—Ç –∏–∑–Ω—É—Ç—Ä–∏. –ü–æ—Ç–æ–º—É –∫–∞–∫ —Å–∞–º–∏ –ø–æ–Ω–∏–º–∞–µ—Ç–µ, —Ç–∞–∫–∏–º–∏ —Ç–µ–º–ø–∞–º–∏ –Ω–∞–º –Ω–µ —Ç–æ —á—Ç–æ –¥–æ –∑–∞–ø–∞–¥–Ω–æ–π –≥—Ä–∞–Ω–∏—Ü—ã –±—ã–≤—à–µ–π –£–°–°–† ‚Äì –¥–æ –ü—Ä–∏–¥–Ω–µ—Å—Ç—Ä–æ–≤—å—è –Ω–µ –¥–æ–π—Ç–∏.
 –ê –Ω–∞–¥–æ.

==  –í –¢–ì —É –º–µ–Ω—è 1 –∫–∞–Ω–∞–ª, –±–æ–ª–µ–µ 500 —Ç—ã—Å. –ø–æ–¥–ø. –í—Å–µ –∫–∞–Ω–∞–ª—ã –ø—Ä–∏–≤—è–∑–∞–Ω—ã –∫ –∫–∞—Ä—Ç–µ –°–±–µ—Ä–∞ 2202 2061 9870 3345 –ï—Å–ª–∏ —Å—á—ë—Ç –¥—Ä—É–≥–æ–π ‚Äì —ç—Ç–æ –Ω–µ –º–æ–π –∫–∞–Ω–∞–ª",374,49045,2025-03-02T10:11:45,"–¢—Ä–µ—Å—Ç, –∫–æ—Ç–æ—Ä—ã–π –ª–æ–ø–Ω–µ—Ç, —Å–≤–æ–¥–∫–∞ 2 –º–∞—Ä—Ç–∞",https://rutube.ru/video/7a3e177674cf1dea4c69aba44ccb6519/,26377482,166132,‚Ññ 4907124296 –í–µ–ª–∏–∫–∞—è –†—É—Å—å –Ω–∞—á–∏–Ω–∞–ª–∞—Å—å —Å –º–∞–ª–æ–≥–æ. –í–æ—Ç –≤–æ–∑–≤—Ä–∞—â–µ–Ω–∏–µ–º –ú–∞–ª–æ–π –†—É—Å–∏ –º—ã –∏ –Ω–∞—á–∏–Ω–∞–µ–º –¥–æ–ª–≥–∏–π –ø—É—Ç—å –∫ –≤–æ—Å—Å—Ç–∞–Ω–æ–≤–ª–µ–Ω–∏—é –†—É—Å–∏ –í–µ–ª–∏–∫–æ–π.,1384,https://rutube.ru/video/7a3e177674cf1dea4c69aba44ccb6519/,4378.0,205.0
2,818870,AcademeG –ö–æ–Ω—Å—Ç–∞–Ω—Ç–∏–Ω –ó–∞—Ä—É—Ü–∫–∏–π –ê–∫–∞–¥–µ–º–∏–∫ –ê–∫–∞–¥–µ–º–µ–≥,–ê–≤—Ç–æ-–º–æ—Ç–æ,"–ü–æ–¥—Ä–æ–±–Ω–µ–µ —É–∑–Ω–∞—Ç—å –ø—Ä–æ —Ü–µ–ø–Ω—É—é –∞–∫–∫—É–º—É–ª—è—Ç–æ—Ä–Ω—É—é –ø–∏–ª—É GD60CS25 –∏–∑ –º–æ—â–Ω–æ–π  –ø–æ–ª—É–ø—Ä–æ—Ñ–µ—Å—Å–∏–æ–Ω–∞–ª—å–Ω–æ–π –ª–∏–Ω–µ–π–∫–∏ 60V, –∞ —Ç–∞–∫–∂–µ –ø–æ–∑–Ω–∞–∫–æ–º–∏—Ç—å—Å—è —Å –¥—Ä—É–≥–æ–π –∏–Ω–Ω–æ–≤–∞—Ü–∏–æ–Ω–Ω–æ–π —Ç–µ—Ö–Ω–∏–∫–æ–π Greenworks –º–æ–∂–Ω–æ –Ω–∞ –æ—Ñ–∏—Ü–∏–∞–ª—å–Ω–æ–º YouTube-–∫–∞–Ω–∞–ª–µ –±—Ä–µ–Ω–¥–∞:  https://clck.ru/3FwZc3 
–ü–æ–¥–ø–∏—Å–∞—Ç—å—Å—è –Ω–∞ –¥—Ä—É–≥–∏–µ —Å–µ—Ç–∏ Greenworks –º–æ–∂–Ω–æ –∑–¥–µ—Å—å:
–í–ö: https://clck.ru/3FwZgh 
–î–∑–µ–Ω: https://clck.ru/3FwZia 
Rutube: https://clck.ru/3FwZkn 

–¢–µ–ª–µ–≥—Ä–∞–º –ö–∞–Ω–∞–ª
https://t.me/academeg_true_original
–ö–∞–Ω–∞–ª —Å –®–û–†–¢–°–ê–ú–ò
https://www.youtube.com/channel/UCOz273vVx0_3IdqfTYIJNYQ
–ü–û –≤–æ–ø—Ä–æ—Å–∞–º —Ä–µ–∫–ª–∞–º—ã –∏ —Å–æ—Ç—Ä—É–¥–Ω–∏—á–µ—Å—Ç–≤–∞:
academeg@a-proved.ru
–ú–æ–π –∫–∞–Ω–∞–ª —Å—Ç—Ä–∏–º–æ–≤:
https://www.youtube.com/c/AcademeGDai...
Instagram:
https://instagram.com/academeg
–í–∫–æ–Ω—Ç–∞–∫—Ç:
http://vk.com/AcademeG
AcademeG —Ç—Ä—É –æ—Ä–∏–¥–∂–∏–Ω–∞–ª –≥—Ä—É–ø–ø:
http://vk.com/academeg_reviews
–§—Ç–∞—Ä–æ–π –∫–∞–Ω–∞–ª:
https://www.youtube.com/user/AcademeG...
TikTok
https://www.tiktok.com/@academeg.offi...
–ê–≤—Ç–æ—Ö–∏–º–∏—è Suprotec-Aprohim:
https://suprotec.ru/",1586,20404,2025-03-01T12:00:33,"–≠–õ–ï–ö–¢–†–ò–ß–ï–°–¢–í–û –ù–ê –•–£–¢–û–†–ï. –ú–ò–¶–£–û–ö–ê –†–í–ï–¢, –ú–ï–ß–ï–¢ –ò –î–†–ò–§–¢–ò–¢.",https://rutube.ru/video/5f6a81e8d99380286536263d06178bc1/,818870,168118,–û—Ñ–∏—Ü–∏–∞–ª—å–Ω—ã–π –∫–∞–Ω–∞–ª AcademeG #academeg #–∞–∫–∞–¥–µ–º–∏–∫ #–∞–∫–∞–¥–µ–º–µ–≥  –ü–µ—Ä–µ—á–µ–Ω—å –∑–∞—Ä–µ–≥–∏—Å—Ç—Ä–∏—Ä–æ–≤–∞–Ω–Ω—ã—Ö –ø–µ—Ä—Å–æ–Ω–∞–ª—å–Ω—ã—Ö —Å—Ç—Ä–∞–Ω–∏—Ü –∏ –∫–∞–Ω–∞–ª–æ–≤ https://www.gosuslugi.ru/snet/67af1a9a3687544fb545b22c,241,https://rutube.ru/video/5f6a81e8d99380286536263d06178bc1/,1494.0,56.0
3,27157194,–ù–∞–∏–∑–Ω–∞–Ω–∫—É,–†–∞–∑–≤–ª–µ—á–µ–Ω–∏—è,"–û–≤–∞–ª—å–Ω—ã–π –∫–∞–±–∏–Ω–µ—Ç —Ç–∞–∫–æ–≥–æ –µ—â–µ –Ω–µ –≤–∏–¥–µ–ª.

–ü–æ–Ω—Ä–∞–≤–∏–ª—Å—è –≤–∏–¥–æ—Å? –ü–æ–¥–¥–µ—Ä–∂–∏ –∞–º–∏–≥–æ ‚§µÔ∏è 
üéÅ–ü—Ä—è–º–æ–π –ø–µ—Ä–µ–≤–æ–¥ –Ω–∞ –∫–∞—Ä—Ç—É üí≥ –ê–ª—å—Ñ–∞-–ë–∞–Ω–∫–∞ –†–§:
2200 1502 2405 9680
üéÅ DonationAlerts  –î–æ–Ω–∞—Ç–∏–∫–∏ —Å –ª—é–±—ã—Ö –∫–∞—Ä—Ç –∏ —Å—Ç—Ä–∞–Ω:
https://www.donationalerts.com/r/spaininside
üéÅ –ü–æ–¥–ø–∏—Å–∫–∞ –Ω–∞ Boosty –∏ —Ä–∞–Ω–Ω–∏–π –¥–æ—Å—Ç—É–ø.
Boosty: https://boosty.to/insideout

üíæ –†–µ—Å—É—Ä—Å—ã: 
Boosty: https://boosty.to/insideout
Rutube: https://rutube.ru/u/naiznanku
–î–∑–µ–Ω: https://dzen.ru/yanaiznanku
–¢–µ–ø–µ—Ä—å –º–æ–π –∫–æ–Ω—Ç–µ–Ω—Ç –≤ VK –í–∏–¥–µ–æ: https://vk.com/amigonaiznanku
YouTube: https://www.youtube.com/@naiznanku
Telegram: https://t.me/realspaininsideout
 
üì® –ü–æ —Ä–µ–∫–ª–∞–º–µ  ispania@surfluence.com

 #–ø–æ–ª–∏—Ç–∏–∫–∞, #—Å–∫–∞–Ω–¥–∞–ª—ã, #—é–º–æ—Ä
–†–ê–ó–ù–û–° –í –ë–ï–õ–û–ú –î–û–ú–ï –ò–õ–ò –ú–ï–ñ–î–û–ú–ï–¢–ò–Ø –í–ú–ï–°–¢–û –î–ò–ü–õ–û–ú–ê–¢–ò–ò | –ï–í–†–û–ü–ê –í –ü–û–ò–°–ö–ê–• –ù–û–í–û–ì–û –•–û–ó–Ø–ò–ù–ê
–ò—Å–ø–∞–Ω–∏—è –ù–∞–∏–∑–Ω–∞–Ω–∫—É.",333,19553,2025-03-02T10:00:46,–†–ê–ó–ù–û–° –í –ë–ï–õ–û–ú –î–û–ú–ï –ò–õ–ò –ú–ï–ñ–î–û–ú–ï–¢–ò–Ø –í–ú–ï–°–¢–û –î–ò–ü–õ–û–ú–ê–¢–ò–ò | –ï–í–†–û–ü–ê –í –ü–û–ò–°–ö–ê–• –ù–û–í–û–ì–û –•–û–ó–Ø–ò–ù–ê,https://rutube.ru/video/bd16bf6b22c8c3d429eb82a25cafbe49/,27157194,45950,"–¢–æ—Ç —Å–∞–º—ã–π –ù–∞–∏–∑–Ω–∞–Ω–∫—É, —Ç–æ—Ç —Å–∞–º—ã–π Hola Amigos –ù–æ–≤–æ—Å—Ç–∏ —á–µ—Ä–µ–∑ –ø—Ä–∏–∑–º—É –•–∞–æ—Å–∞ —ç—Ç–æ–≥–æ –º–∏—Ä–∞! –°–ª–æ–∂–Ω–æ –æ –ø—Ä–æ—Å—Ç–æ–º! –° —é–º–æ—Ä–æ–º –æ –≥—Ä—É—Å—Ç–Ω–æ–º!  Youtube: https://www.youtube.com/channel/UCA3jR3BQqsELA-78mLWUVAQ –î–∑–µ–Ω: https://dzen.ru/id/609aecae452a9b727ab2f57d  –ü–æ —Å–æ—Ç—Ä—É–¥–Ω–∏—á–µ—Å—Ç–≤—É –∏ —Ä–µ–∫–ª–∞–º–µ  ispania@surfluence.com  –†–ö–ù: https://knd.gov.ru/license?id=673b351e340096358baed058&registryType=bloggersPermission",1092,,,
4,32311072,–ú–ò–ù–ê–ï–í LIVE,–ö—É–ª—å—Ç—É—Ä–∞,"–ñ—É—Ä–Ω–∞–ª –ß–¢–ò–í–û ‚Ññ3 2025 https://ozon.ru/t/M5l9QNm

–í–ª–∞–¥–∏—Å–ª–∞–≤ –õ–∏—Å—Ç—å–µ–≤ ‚Äì –ª–µ–≥–µ–Ω–¥–∞—Ä–Ω—ã–π —Ç–µ–ª–µ–≤–µ–¥—É—â–∏–π, —Ç–∞–ª–∞–Ω—Ç–ª–∏–≤—ã–π –º–µ–¥–∏–∞-–º–µ–Ω–µ–¥–∂–µ—Ä –∏ –≥–µ–Ω–µ—Ä–∞–ª—å–Ω—ã–π –¥–∏—Ä–µ–∫—Ç–æ—Ä —Ç–µ–ª–µ–∫–∞–Ω–∞–ª –û–†–¢ (–ü–µ—Ä–≤—ã–π –∫–∞–Ω–∞–ª), —á—å—ë –∏–º—è —Å—Ç–∞–ª–æ —Å–∏–º–≤–æ–ª–æ–º —Ä–æ—Å—Å–∏–π—Å–∫–æ–≥–æ —Ç–µ–ª–µ–≤–∏–¥–µ–Ω–∏—è 90-—Ö. 1 –º–∞—Ä—Ç–∞ –æ–Ω –±—ã–ª –∂–µ—Å—Ç–æ–∫–æ —É–±–∏—Ç –≤ –ø–æ–¥—ä–µ–∑–¥–µ —Å–æ–±—Å—Ç–≤–µ–Ω–Ω–æ–≥–æ –¥–æ–º–∞, –∫—Ç–æ –∏ –ø–æ—á–µ–º—É —Å–æ–≤–µ—Ä—à–∏–ª —ç—Ç–æ —Ä–µ–∑–æ–Ω–∞–Ω—Å–Ω–æ–µ –ø—Ä–µ—Å—Ç—É–ø–ª–µ–Ω–∏–µ –¥–æ —Å–∏—Ö –ø–æ—Ä –Ω–µ–∏–∑–≤–µ—Å—Ç–Ω–æ. –í –Ω–∞—à–µ–º –≤—ã–ø—É—Å–∫–µ –º—ã —Ä–∞–∑–±–µ—Ä–µ–º –∫–ª—é—á–µ–≤—ã–µ –≤–µ—Ä—Å–∏–∏ —Å–ª–µ–¥—Å—Ç–≤–∏—è, –∞ —Ç–∞–∫–∂–µ —Ä–∞—Å—Å–∫–∞–∂–µ–º –æ —Ç–æ–º, –∫–∞–∫–∏–º –±—ã–ª–æ —Ç–µ–ª–µ–≤–∏–¥–µ–Ω–∏–µ –≤ 90-–µ –≥–æ–¥—ã –∏ –ø–æ—á–µ–º—É –í–ª–∞–¥–∏—Å–ª–∞–≤ –õ–∏—Å—Ç—å–µ–≤ —Å—á–∏—Ç–∞–ª—Å—è –∂—É—Ä–Ω–∞–ª–∏—Å—Ç–æ–º –Ω–æ–º–µ—Ä –æ–¥–∏–Ω —Ç–æ–≥–æ –≤—Ä–µ–º–µ–Ω–∏.
 
–°–æ–¥–µ—Ä–∂–∞–Ω–∏–µ:
00:00 –û —á–µ–º –≤—ã–ø—É—Å–∫
02:57 –ö–∞–∫ –õ–∏—Å—Ç—å–µ–≤ –ø–æ–ø–∞–ª –≤ –ø—Ä–æ–≥—Ä–∞–º–º—É ¬´–í–∑–≥–ª—è–¥¬ª
04:51 –ü–æ—á–µ–º—É ¬´–í–∑–≥–ª—è–¥¬ª —Å—Ç–∞–ª –ø—Ä–æ—Ä—ã–≤–æ–º –Ω–∞ –°–æ–≤–µ—Ç—Å–∫–æ–º —Ç–µ–ª–µ–≤–∏–¥–µ–Ω–∏–∏
08:24 –û—á–µ–Ω—å –±—ã—Å—Ç—Ä–æ –æ –Ω–æ–≤–æ–º –Ω–æ–º–µ—Ä–µ –∂—É—Ä–Ω–∞–ª–∞ –ß–¢–ò–í–û
09:37 ¬´–ó–µ–ª–µ–Ω–∞—è —Å–æ–±–∞–∫–∞¬ª
12:02 –û —á–µ–º —Ä–∞—Å—Å–∫–∞–∑—ã–≤–∞–ª–∏ –≤ –ø—Ä–æ–≥—Ä–∞–º–º–µ ¬´–í–∑–≥–ª—è–¥¬ª
14:41 –ü–µ—Ä–≤–∞—è —Ä—É—Å—Å–∫–∞—è —Ä–µ–∫–ª–∞–º–∞ –ø–æ—Å–ª–µ —Ä–∞—Å–ø–∞–¥–∞ –°–°–°–†
18:45 –£–±–∏–π—Å—Ç–≤–æ –≤–µ–¥—É—â–µ–≥–æ –ö—É—Ä–∂–∏—è–º—Å–∫–æ–≥–æ
19:50 –í–µ—Ä–æ–Ω–∏–∫–∞ –ö–∞—Å—Ç—Ä–æ –∏ –°–∞–Ω—Ç–∞-–ë–∞—Ä–±–∞—Ä–∞
22:31 –§–æ—Ä–º–∞—Ç ¬´–¢–æ–∫-—à–æ—É¬ª 
23:57 –¢–µ–ª–µ–º–æ—Å—Ç –ë–æ—Å—Ç–æ–Ω –ú–æ—Å–∫–≤–∞
25:26 –ü–µ—Ä–≤—ã–µ —Ä–µ–∫–ª–∞–º–Ω—ã–µ —Ä–æ–ª–∏–∫–∏
26:38 –†–µ–∫–ª–∞–º–∞ ¬´–ú–ú–ú¬ª
27:43 –†–µ–∫–ª–∞–º–∞ –±–∞–Ω–∫–∞ ¬´–ò–º–ø–µ—Ä–∏–∞–ª¬ª
28:50 –ò–Ω–æ—Å—Ç—Ä–∞–Ω–Ω—ã–µ –ø—Ä–æ–≥—Ä–∞–º–º—ã
31:22 –ù–æ–≤—ã–µ —Ç–µ–ª–µ–∫–∞–Ω–∞–ª—ã
32:48 –¢–µ–ª–µ–∫–∞–Ω–∞–ª –ù–¢–í
34:21 –ü–µ—Ä–≤—ã–π –∫–∞–Ω–∞–ª 
36:05 –ö–∞–∫ –í–ª–∞–¥–∏—Å–ª–∞–≤ –õ–∏—Å—Ç—å–µ–≤ —Å—Ç–∞–ª –∏—Å–ø–æ–ª–Ω–∏—Ç–µ–ª—å–Ω—ã–º –¥–∏—Ä–µ–∫—Ç–æ—Ä–æ–º —Ç–µ–ª–µ–∫–∞–Ω–∞–ª–∞
38:36 –¢–µ–ª–µ–∫–æ–º–ø–∞–Ω–∏—è –í–òD 
39:42 –ü–µ—Ä–µ–¥–∞—á–∞ ¬´–ü–æ–ª–µ –ß—É–¥–µ—Å¬ª
42:22 –ö–∞–∫–∏–µ –ø–µ—Ä–µ–¥–∞—á–∏ –ø—Ä–∏–¥—É–º–∞–ª –í–ª–∞–¥–∏—Å–ª–∞–≤ –õ–∏—Å—Ç—å–µ–≤?
45:05 –ß–∞—Å –ü–∏–∫
45:54 –ß–µ—Ä–Ω—ã–π –Ω–∞–ª –∏ –∫—Ä–∏–º–∏–Ω–∞–ª
49:58 –ü–æ—á–µ–º—É —É –õ–∏—Å—Ç—å–µ–≤–∞ –Ω–µ –±—ã–ª–æ –æ—Ö—Ä–∞–Ω—ã
52:30 –£–±–∏–π—Å—Ç–≤–æ 
54:13 –†–∞—Å—Å–ª–µ–¥–æ–≤–∞–Ω–∏–µ —É–±–∏–π—Å—Ç–≤–∞ –∏ –≤–µ—Ä—Å–∏–∏ 
57:54 –í –∑–∞–∫–ª—é—á–µ–Ω–∏–µ

–ü–æ–¥–ø–∏—Å—ã–≤–∞–π—Ç–µ—Å—å –Ω–∞ –ú–ò–ù–ê–ï–í LIVE:
–ú–∏–Ω–∞–µ–≤ LIVE –≤ YouTube: https://www.youtube.com/@MINAEVLIVE
–ú–∏–Ω–∞–µ–≤ LIVE Shorts –≤ YouTube: https://www.youtube.com/@minaevliveshorts
–ú–∏–Ω–∞–µ–≤ LIVE –≤ Rutube: https://rutube.ru/channel/32311072/
–ú–∏–Ω–∞–µ–≤ LIVE –≤ –í–ö: https://vk.com/minaev_live
–ú–∏–Ω–∞–µ–≤ LIVE –≤ –î–∑–µ–Ω: https://dzen.ru/minaevlive
–ú–∏–Ω–∞–µ–≤ LIVE –≤ –û–¥–Ω–æ–∫–ª–∞—Å—Å–Ω–∏–∫–∞—Ö: https://ok.ru/minaev.live

–ü–æ–¥–∫–∞—Å—Ç—ã –ú–ò–ù–ê–ï–í LIVE:
–Ø–Ω–¥–µ–∫—Å –ú—É–∑—ã–∫–∞: https://music.yandex.ru/album/24956069",3646,28075,2025-03-02T10:00:26,"–≠–ø–æ—Ö–∞ –í–ª–∞–¥–∏—Å–ª–∞–≤–∞ –õ–∏—Å—Ç—å–µ–≤–∞: –¢–µ–ª–µ–≤–∏–¥–µ–Ω–∏–µ 90-—Ö, –∫—Ä–∏–º–∏–Ω–∞–ª –∏ –∂–µ—Å—Ç–æ–∫–æ–µ —É–±–∏–π—Å—Ç–≤–æ / –£—Ä–æ–∫–∏ –∏—Å—Ç–æ—Ä–∏–∏ / –ú–ò–ù–ê–ï–í",https://rutube.ru/video/60753c6c848f62b52ba8abb276af6983/,32311072,155359,"–î–æ–±—Ä–æ –ø–æ–∂–∞–ª–æ–≤–∞—Ç—å –Ω–∞ –∫–∞–Ω–∞–ª –ø–∏—Å–∞—Ç–µ–ª—è, –∂—É—Ä–Ω–∞–ª–∏—Å—Ç–∞, —Ç–µ–ª–µ–≤–µ–¥—É—â–µ–≥–æ, —Å—Ü–µ–Ω–∞—Ä–∏—Å—Ç–∞ –∏ ‚Äî –ø–æ–º–∏–º–æ –≤–æ—Ç —ç—Ç–æ–≥–æ –≤—Å–µ–≥–æ ‚Äî –≥–ª–∞–≤–Ω–æ–≥–æ —Ä–µ–¥–∞–∫—Ç–æ—Ä–∞ –∂—É—Ä–Ω–∞–ª–∞ –ß–¢–ò–í–û –°–µ—Ä–≥–µ—è –ú–∏–Ω–∞–µ–≤–∞.  –ó–¥–µ—Å—å –º—ã —Ä–∞—Å—Å–∫–∞–∑—ã–≤–∞–µ–º  –æ–± –∏—Å—Ç–æ—Ä–∏—á–µ—Å–∫–∏—Ö —Å–æ–±—ã—Ç–∏—è—Ö, –∫–æ—Ç–æ—Ä—ã–µ –∏–∑–º–µ–Ω–∏–ª–∏ –º–∏—Ä.  –†–µ–≥–∏—Å—Ç—Ä–∞—Ü–∏—è –≤ –ø–µ—Ä–µ—á–Ω–µ –†–ö–ù: https://knd.gov.ru/license?id=6736047a05391b3bfb533bd6&registryType=bloggersPermission     –ü–æ –≤–æ–ø—Ä–æ—Å–∞–º —Å–æ—Ç—Ä—É–¥–Ω–∏—á–µ—Å—Ç–≤–∞ –ø–∏—à–∏—Ç–µ: ad@minaevlive.info",195,,,
5,23492116,–î–º–∏—Ç—Ä–∏–π –ü—É—á–∫–æ–≤,–ù–æ–≤–æ—Å—Ç–∏ –∏ –°–ú–ò,"–ê—É–¥–∏–æ–≤–µ—Ä—Å–∏—è: https://oper.ru/video/getaudio/eveningwithgoblin81.mp3

–ü–ª–µ–π–ª–∏—Å—Ç: https://rutube.ru/plst/585444",5819,44036,2025-03-01T13:14:29,"–ü–µ—Ä–µ–≥–æ–≤–æ—Ä—ã –≤ –°—Ç–∞–º–±—É–ª–µ, –í–µ–Ω–≥—Ä–∏—è –±–µ–∑ –õ–ì–ë–¢*, –∫–æ–Ω—Ç—Ä–æ–ª—å –∑–∞ –∫–æ–Ω—Ü–µ—Ä—Ç–∞–º–∏, –£–∫—Ä–∞–∏–Ω–∞ –±–µ–∑ –ù–ê–¢–û",https://rutube.ru/video/e98ab6fa8c3f4f2b5f939986b1beb9aa/,23492116,508980,"–î–º–∏—Ç—Ä–∏–π Goblin –ü—É—á–∫–æ–≤ - –æ—Ñ–∏—Ü–∏–∞–ª—å–Ω—ã–π –∫–∞–Ω–∞–ª –Ω–∞ Rutube.  –°–∏–Ω–∏–π –§–∏–ª, –û–ø–µ—Ä–≥–µ–π–º–µ—Ä, Goblin News, –†–∞–∑–≤–µ–¥–æ–ø—Ä–æ—Å, –í —Ü–µ–ø–∫–∏—Ö –ª–∞–ø–∞—Ö, –ö–∞–±–∞40–∫.  –ù–æ–º–µ—Ä –∑–∞—è–≤–ª–µ–Ω–∏—è —Ä–µ–≥–∏—Å—Ç—Ä–∞—Ü–∏–∏ –≤ –†–æ—Å–∫–æ–º–Ω–∞–¥–∑–æ—Ä–µ: ‚Ññ4939032013.",2559,https://rutube.ru/video/e98ab6fa8c3f4f2b5f939986b1beb9aa/,3993.0,256.0
6,1193367,–£–≥–æ–Ω–∞.–Ω–µ—Ç –∏ –ê–≤—Ç–æ–∑–∞–ø—É—Å–∫,–ê–≤—Ç–æ-–º–æ—Ç–æ,"–ù–∞—à–∞ –õ–∞–±–æ—Ä–∞—Ç–æ—Ä–∏—è –¢–∏—à–∏–Ω—ã - https://silent-lab.ru/ 

–ö–æ–Ω—Å—É–ª—å—Ç–∞—Ü–∏–∏ –ø–æ —É—Å—Ç–∞–Ω–æ–≤–∫–µ  8(800)555-11-82
–ü–æ–¥–ø–∏—à–∏—Å—å –Ω–∞ –Ω–∞—à –¢–ì –∫–∞–Ω–∞–ª - https://t.me/ugonanet_official 
–ü–æ–¥–ø–∏—Å—ã–≤–∞–π—Å—è –≤ –í–ö -  https://vk.com/video/@ugona_net 
–ú—ã –≤ –î–∑–µ–Ω–µ - https://dzen.ru/ugonanet_official 
–ü–æ–¥–ø–∏—Å—ã–≤–∞–π—Ç–µ—Å—å –Ω–∞ –Æ—Ç—É–± -  https://goo.gl/RHvKre
–ú—ã –≤ –†—É—Ç—É–± - https://rutube.ru/channel/1193367/  

–°–µ—Ä–≤–∏—Å—ã –£–≥–æ–Ω–∞.–Ω–µ—Ç –≤ –†–æ—Å—Å–∏–∏- https://www.ugona.net/city.html 
–ü—Ä–æ–º–æ–∫–æ–¥ –Ω–∞ —É—Å–ª—É–≥–∏ –¥–ª—è –ø–æ–¥–ø–∏—Å—á–∏–∫–æ–≤ –Æ—Ç—É–± - https://www.ugona.net/youtube.html

–†–µ–∫–æ–º–µ–Ω–¥—É–µ–º –∫—Ä—É–ø–Ω–µ–π—à–∏–π –ø—Ä–æ—Ç–∏–≤–æ—É–≥–æ–Ω–Ω—ã–π —Ñ–æ—Ä—É–º –≤ –†–æ—Å—Å–∏–∏ - http://forum.ugona.net/index.html
–ü–ª–µ–π–ª–∏—Å—Ç ""–ú–µ—Ç–æ–¥—ã —É–≥–æ–Ω–∞"" - https://www.youtube.com/watch?v=O1z_QoLYE48&list=PLQMLutmdq4y1W1kCRP0ZEB7tIMJbZaxBi  
–ò–Ω—Å—Ç—Ä—É–º–µ–Ω—Ç—ã –¥–ª—è —É–≥–æ–Ω–∞ –∞–≤—Ç–æ–º–æ–±–∏–ª—è - https://www.ugona.net/page100.html
–≠—Ñ—Ñ–µ–∫—Ç–∏–≤–Ω—ã–µ –ø—Ä–æ—Ç–∏–≤–æ—É–≥–æ–Ω–Ω—ã–µ –∫–æ–º–ø–ª–µ–∫—Å—ã - https://www.ugona.net/catalog25.html 
–û—Ñ–∏—Ü–∏–∞–ª—å–Ω—ã–π —Å–∞–π—Ç - https://www.ugona.net/
 
–£–≥–æ–Ω—ã. –ö–∞–∫ —ç—Ç–æ –¥–µ–ª–∞–µ—Ç—Å—è ? –ö–∞–∫ –∑–∞—â–∏—Ç–∏—Ç—å—Å—è ? –ö–∞–∫–∏–µ —É–≥—Ä–æ–∑—ã –æ–∂–∏–¥–∞—é—Ç –∞–≤—Ç–æ–≤–ª–∞–¥–µ–ª—å—Ü–∞ ? –ê–≤—Ç–æ –º–æ—à–µ–Ω–Ω–∏—á–µ—Å—Ç–≤–æ. –£–≥–æ–Ω–∞.–Ω–µ—Ç - –æ—Ñ–∏—Ü–∏–∞–ª—å–Ω—ã–π –≤–∏–¥–µ–æ–∫–∞–Ω–∞–ª –§–µ–¥–µ—Ä–∞–ª—å–Ω–æ–≥–æ —Å–µ—Ä–≤–∏—Å–∞.",686,11505,2025-03-02T10:47:59,"–ß—Ç–æ —Ç–∞–∫–æ–µ CAN-–∏–Ω—ä–µ–∫—Ü–∏—è ? –≠–≤–æ–ª—é—Ü–∏—è —Ç–µ—Ö–Ω–æ–ª–æ–≥–∏–π —É–≥–æ–Ω–æ–≤ –Ω–∞ 2025 –≥–æ–¥, –∫–∞–∫–æ–π –º–µ—Ç–æ–¥ —Å–ª–µ–¥—É—é—â–∏–π ?",https://rutube.ru/video/e0fccf918a2d7a13eeb9961a31b204b1/,1193367,8411,"–û—Ñ–∏—Ü–∏–∞–ª—å–Ω—ã–π –∫–∞–Ω–∞–ª –§–µ–¥–µ—Ä–∞–ª—å–Ω–æ–≥–æ —Å–µ—Ä–≤–∏—Å–∞ –£–≥–æ–Ω–∞.–Ω–µ—Ç .  –£–≥–æ–Ω—ã, –∫–∞–∫ —ç—Ç–æ –¥–µ–ª–∞–µ—Ç—Å—è ? –ö–∞–∫ –∑–∞—â–∏—Ç–∏—Ç—å—Å—è ? –ö—Ä–∞–∂–∏ –∏–∑ –∞–≤—Ç–æ–º–æ–±–∏–ª—è. –ê–≤—Ç–æ –º–æ—à–µ–Ω–Ω–∏—á–µ—Å—Ç–≤–æ. –ö–∞–∫–∏–µ —É–≥—Ä–æ–∑—ã –æ–∂–∏–¥–∞—é—Ç –∞–≤—Ç–æ–≤–ª–∞–¥–µ–ª—å—Ü–µ–≤ ? –ù–µ –ø—Ä–æ–ø—É—Å—Ç–∏—Ç–µ –Ω–æ–≤—ã–µ —Ä–æ–ª–∏–∫–∏, –ø–æ–¥–ø–∏—Å—ã–≤–∞–π—Ç–µ—Å—å –Ω–∞ –∫–∞–Ω–∞–ª: https://goo.gl/RHvKre  –ö—Ä–∞–∂–∏ –∏–∑ –∞–≤—Ç–æ–º–æ–±–∏–ª—è. –ê–≤—Ç–æ –º–æ—à–µ–Ω–Ω–∏—á–µ—Å—Ç–≤–æ.   –ù–∞—à —Ç–µ–ª–µ—Ñ–æ–Ω - 8 (800) 555-11-82   –ù–∞—à–∞ –õ–∞–±–æ—Ä–∞—Ç–æ—Ä–∏—è –¢–∏—à–∏–Ω—ã - https://silent-lab.ru/   –ü–æ –≤–æ–ø—Ä–æ—Å–∞–º —Å–æ—Ç—Ä—É–¥–Ω–∏—á–µ—Å—Ç–≤–∞ - info@ugona.net  –†–µ–∫–æ–º–µ–Ω–¥—É–µ–º –∫ –ø—Ä–æ—Å–º–æ—Ç—Ä—É –ø–ª–µ–π–ª–∏—Å—Ç –ø–æ –º–µ—Ç–æ–¥–∞–º –∏ –∞–Ω–∞–ª–∏–∑—É —É–≥–æ–Ω–æ–≤ - https://www.youtube.com/watch?v=O1z_QoLYE48&list=PLQMLutmdq4y1W1kCRP0ZEB7tIMJbZaxBi   –†–µ–∫–æ–º–µ–Ω–¥—É–µ–º –∫—Ä—É–ø–Ω–µ–π—à–∏–π –ø—Ä–æ—Ç–∏–≤–æ—É–≥–æ–Ω–Ω—ã–π —Ñ–æ—Ä—É–º –≤ –†–æ—Å—Å–∏–∏ - http://forum.ugona.net/index.html   –ö–∞–Ω–∞–ª –£–≥–æ–Ω–∞.–Ω–µ—Ç - https://www.youtube.com/user/kurchanovalex   –ö–∞–Ω–∞–ª –£–≥–æ–Ω–∞.–Ω–µ—Ç –Ω–µ –ø—Ä–µ—Å–ª–µ–¥—É–µ—Ç —Ü–µ–ª—å –∑–∞–¥–µ—Ç—å —á—å–∏ –ª–∏–±–æ –∏–Ω—Ç–µ—Ä–µ—Å—ã. –í—Å–µ —Å–æ–≤–ø–∞–¥–µ–Ω–∏—è —Å–ª—É—á–∞–π–Ω—ã. –ü—Ä–æ–¥–µ–º–æ–Ω—Å—Ç—Ä–∏—Ä–æ–≤–∞–Ω–Ω—ã–µ —É–≥–æ–Ω—ã —è–≤–ª—è—é—Ç—Å—è —Ä–µ–∫–æ–Ω—Å—Ç—Ä—É–∫—Ü–∏–µ–π, –≤ —Å—ä–µ–º–∫–∞—Ö –ø—Ä–∏–º–µ–Ω—è—é—Ç—Å—è –º—É–ª—è–∂–∏ —Å–ø–µ—Ü–∏–∞–ª—å–Ω—ã—Ö —Ç–µ—Ö–Ω–∏—á–µ—Å–∫–∏—Ö —Å—Ä–µ–¥—Å—Ç–≤.",462,,,
7,23340006,–ò–ó–û–õ–ï–ù–¢–ê live,–ù–æ–≤–æ—Å—Ç–∏ –∏ –°–ú–ò,"–ö–∞–∫ –æ—Ç—Ä–µ–∞–≥–∏—Ä–æ–≤–∞–ª–∏ –Ω–∞ –ø–µ—Ä–µ–ø–∞–ª–∫—É –ó–µ–ª–µ–Ω—Å–∫–æ–≥–æ –∏ –¢—Ä–∞–º–ø–∞ –ª–∏–¥–µ—Ä—ã –∑–∞–ø–∞–¥–Ω—ã—Ö —Å—Ç—Ä–∞–Ω –∏ —É–∫—Ä–∞–∏–Ω—Å–∫–∏–µ –ø–æ–ª–∏—Ç–∏–∫–∏? –°–º–æ–∂–µ—Ç –ª–∏ –¢—Ä–∞–º–ø –≤–µ—Ä–Ω—É—Ç—å –¥–µ–Ω—å–≥–∏ –°–®–ê –∑–∞ —Å—á—ë—Ç –Ω–µ–¥—Ä –£–∫—Ä–∞–∏–Ω—ã? ""–ú–∞—Ä—à –º–∏–ª–ª–∏–æ–Ω–æ–≤"" –≤ –ë–µ—Ä–ª–∏–Ω–µ ‚Äî —ç—Ç–æ –ø—Ä–æ–≤–∞–ª –æ–ø–ø–æ–∑–∏—Ü–∏–∏? –ü–æ—á–µ–º—É –†–æ—Å—Å–∏—è –Ω–µ –±—å—ë—Ç –ø–æ –∫–æ–ª–ª—Ü–µ–Ω—Ç—Ä–∞–º –£–∫—Ä–∞–∏–Ω—ã?

–ü–æ–¥–ø–∏—à–∏—Å—å –Ω–∞ ¬´–ò–∑–æ–ª–µ–Ω—Ç–∞Live¬ª: https://t.me/izolentalive
–∏ ¬´–ò–∑–æ–ª–µ–Ω—Ç–∞+¬ª:
https://t.me/tribute/app?startapp=sr3

https://donate.stream/izolentalive

–∫–∞–Ω–∞–ª –ú—É–∂–∏–∫–∏ –Ω–∞ –ö—É—Ö–Ω–µ: https://t.me/tribute/app?startapp=si76

–í–Ω–∏–º–∞–Ω–∏–µ!! –ù–æ–≤—ã–π –ø—Ä–æ–µ–∫—Ç –ò–∑–æ–ª–µ–Ω—Ç—ã –∏ –ò–∑–æ–ª–µ–Ω—Ç—ã+ –≤ –∫–æ—Ç–æ—Ä–æ–º –º–æ–∂–µ—Ç —É—á–∞—Å—Ç–≤–æ–≤–∞—Ç—å –∫–∞–∂–¥—ã–π!  –ü–∏—à–∏—Ç–µ –±–æ—Ç—É https://t.me/IzoTalkBot

11:00 –≤ –ø—Ä—è–º–æ–º —ç—Ñ–∏—Ä–µ:
–ü—ë—Ç—Ä –õ–∏–¥–æ–≤ https://t.me/pvsgns, 
–¢—Ä–æ—Ñ–∏–º –¢–∞—Ç–∞—Ä–µ–Ω–∫–æ–≤ https://t.me/nebrigada, 
–ê–Ω–∞—Ç–æ–ª–∏–π –ö—É–∑–∏—á–µ–≤ https://t.me/a_kuzichev",5156,29884,2025-03-02T10:59:52,"–ò–ó–û–õ–ï–ù–¢–ê Live #1752 | 2.03.25 | –£–∫—Ä–∞–∏–Ω–∞ –æ—Ç–º–µ–Ω—è–µ—Ç –¢—Ä–∞–º–ø–∞? | –î—É—Ç—ã–µ –Ω–µ–¥—Ä–∞ –£–∫—Ä–∞–∏–Ω—ã | ""–ú–∞—Ä—à –º–∏–ª–ª–∏–æ–Ω–æ–≤""",https://rutube.ru/video/18a8559015cabc8beb6e2e9db1b1649f/,23340006,141843,"–ü–æ–¥–ø–∏—à–∏—Å—å –Ω–∞ –Ω–∞—à –∫–∞–Ω–∞–ª, —á—Ç–æ–±—ã –µ–∂–µ–¥–Ω–µ–≤–Ω–æ —Å–ª—É—à–∞—Ç—å —Å–∞–º—ã—Ö –∏–Ω—Ç–µ—Ä–µ—Å–Ω—ã—Ö –≥–æ—Å—Ç–µ–π –ø–æ —Å–∞–º—ã–º –≤–∞–∂–Ω—ã–º —Ç–µ–º–∞–º.  –ú—ã –≤—ã—Ö–æ–¥–∏–º –≤ —ç—Ñ–∏—Ä –∫–∞–∂–¥—ã–π –¥–µ–Ω—å –±–µ–∑ –≤—ã—Ö–æ–¥–Ω—ã—Ö –∏ –ø—Ä–∞–∑–¥–Ω–∏–∫–æ–≤.  –ù–∞—à–∏ —Ä–µ–∑–∏–¥–µ–Ω—Ç—ã: –î–º–∏—Ç—Ä–∏–π Goblin –ü—É—á–∫–æ–≤, –ê–ª–µ–∫—Å–∞–Ω–¥—Ä –¶—ã–ø–∫–∏–Ω, –ê–Ω–∞—Ç–æ–ª–∏–π –ö—É–∑–∏—á–µ–≤, –¢–∏–≥—Ä–∞–Ω –ö–µ–æ—Å–∞—è–Ω, –ö–∏—Ä–∞ –°–∞–∑–æ–Ω–æ–≤–∞, –ê–Ω–¥—Ä–µ–π –ë–µ–∑—Ä—É–∫–æ–≤ –∏ –¥—Ä—É–≥–∏–µ.  –ù–∞—à–∏ –≥–æ—Å—Ç–∏: –ú–∞—Ä–∏—è –ó–∞—Ö–∞—Ä–æ–≤–∞, –ö–ª–∏–º –ñ—É–∫–æ–≤, –ï–≥–æ—Ä –Ø–∫–æ–≤–ª–µ–≤, –ê–Ω–∞—Ç–æ–ª–∏–π –í–∞—Å—Å–µ—Ä–º–∞–Ω, –í–ª–∞–¥–∏–º–∏—Ä –ö–æ—Ä–Ω–∏–ª–æ–≤, –ú–∞—Ä–∏—è –ë—É—Ç–∏–Ω–∞, –ú–∞—Ä—å—è–Ω–∞ –ù–∞—É–º–æ–≤–∞ –∏ –µ—â–µ –±–æ–ª–µ–µ 200 –∏–Ω—Ç–µ—Ä–µ—Å–Ω–µ–π—à–∏—Ö –ª—é–¥–µ–π.  –ü–æ–¥–ø–∏—Å–∞–≤—à–∏—Å—å –Ω–∞ –Ω–∞—Å –∏ —É—á–∞—Å—Ç–≤—É—è –≤ –Ω–∞—à–∏—Ö –ø—Ä—è–º—ã—Ö —ç—Ñ–∏—Ä–∞—Ö, —Ç—ã —Å–º–æ–∂–µ—à—å –∑–∞–¥–∞—Ç—å –∏–º –ª—é–±—ã–µ –≤–æ–ø—Ä–æ—Å—ã, –¥–∞–∂–µ —Ç–µ, –∫–æ—Ç–æ—Ä—ã–µ –Ω–∏–≥–¥–µ –Ω–µ –æ–∑–≤—É—á–∏–≤–∞—é—Ç.  –£—á–∞—Å—Ç–≤—É—è –≤ –Ω–∞—à–∏—Ö —ç—Ñ–∏—Ä–∞—Ö —Ç—ã —Å–º–æ–∂–µ—à—å –ø–æ–¥–¥–µ—Ä–∂–∞—Ç—å –±–ª–∞–≥–æ—Ä–æ–¥–Ω—É—é –º–∏—Å—Å–∏—é –∫–æ—Ä–º–ª–µ–Ω–∏—è –∏ –ø–æ–º–æ—â–∏ –±–µ–∑–¥–æ–º–Ω—ã–º, –∫–æ—Ç–æ—Ä—É—é –Ω–∞—à –∫–∞–Ω–∞–ª –≤–∑—è–ª –Ω–∞ —Å–µ–±—è –∏ –∏—Å–ø–æ–ª–Ω—è–µ—Ç –≤ –∂–∞—Ä—É –∏ –º–æ—Ä–æ–∑. –ú–Ω–æ–≥–∏–µ –Ω–∞—à–∏ –∑—Ä–∏—Ç–µ–ª–∏ —Å—Ç–∞–ª–∏ –ª–∏—á–Ω–æ —É—á–∞—Å—Ç–≤–æ–≤–∞—Ç—å –≤ –Ω–∞—à–∏—Ö –∞–∫—Ü–∏—è—Ö –¥–æ–±—Ä–∞.  –ü–æ–¥–ø–∏—à–∏—Å—å! –ù–∞—à –¢–µ–ª–µ–≥—Ä–∞–º-–∫–∞–Ω–∞–ª: t.me/izolentalive  –¢—Ä–æ—Ñ–∏–º –¢–∞—Ç–∞—Ä–µ–Ω–∫–æ–≤: https://t.me/NeBrigada –ü—ë—Ç—Ä –õ–∏–¥–æ–≤: https://t.me/pvsgns  –ü—Ä–∞–≤–æ–æ–±–ª–∞–¥–∞—Ç–µ–ª–µ–º –∫–æ–Ω—Ç–µ–Ω—Ç–∞ –Ω–∞ –∫–∞–Ω–∞–ª–µ —è–≤–ª—è–µ—Ç—Å—è –ò–ü –ë—É–ª–∞–≤—Å–∫–∞—è –û.–í. ‚Ññ 4893377528",3886,https://rutube.ru/video/18a8559015cabc8beb6e2e9db1b1649f/,2517.0,165.0
8,8420540,–ö–∏–Ω–æ-–¢–µ–∞—Ç—Ä.–†—É,–§–∏–ª—å–º—ã,"–î–æ—Ä–æ–≥–∏–µ –¥—Ä—É–∑—å—è! –ú—ã –Ω–∞—á–∏–Ω–∞–µ–º —Ç—É—Ä –ø—Ä–æ–≥—Ä–∞–º–º—ã ¬´–î–µ–∫–æ–Ω—Å—Ç—Ä—É–∫—Ü–∏—è¬ª –ø–æ –≥–æ—Ä–æ–¥–∞–º –†–æ—Å—Å–∏–∏. –ë–∏–ª–µ—Ç—ã –º–æ–∂–Ω–æ –ø—Ä–∏–æ–±—Ä–µ—Å—Ç–∏ –Ω–∞ —Å–∞–π—Ç–µ https://deconstruction.live

22.03.2025 –ï–∫–∞—Ç–µ—Ä–∏–Ω–±—É—Ä–≥ ‚Äì –ö–∏–Ω–æ—Ç–µ–∞—Ç—Ä ¬´–ü–∞—Å—Å–∞–∂ –°–∏–Ω–µ–º–∞¬ª (–ë–æ–ª—å—à–æ–π –∑–∞–ª). –†–∞–∑–±–∏—Ä–∞–µ–º —Ñ–∏–ª—å–º ¬´–ê–ø–æ–∫–∞–ª–∏–ø—Å–∏—Å¬ª —Å–æ –°—Ç–∞–Ω–∏—Å–ª–∞–≤–æ–º –î—Ä–æ–±—ã—à–µ–≤—Å–∫–∏–º –∏ —Å–µ—Ä–∏–∞–ª ¬´–ó–∞–¥–∞—á–∞ —Ç—Ä—ë—Ö —Ç–µ–ª¬ª —Å –í–ª–∞–¥–∏–º–∏—Ä–æ–º –°—É—Ä–¥–∏–Ω—ã–º.

23.03.2025 –¢—é–º–µ–Ω—å ‚Äì –î–≤–æ—Ä–µ—Ü –∫—É–ª—å—Ç—É—Ä—ã ¬´–ü–æ–∏—Å–∫¬ª. –†–∞–∑–±–∏—Ä–∞–µ–º —Ñ–∏–ª—å–º ¬´–ê–ø–æ–∫–∞–ª–∏–ø—Å–∏—Å¬ª —Å–æ –°—Ç–∞–Ω–∏—Å–ª–∞–≤–æ–º –î—Ä–æ–±—ã—à–µ–≤—Å–∫–∏–º –∏ —Ñ–∏–ª—å–º ¬´–ò—Å—Ö–æ–¥: –¶–∞—Ä–∏ –∏ –ë–æ–≥–∏¬ª —Å –ú–∞–∫—Å–∏–º–æ–º –õ–µ–±–¥–µ–≤—ã–º.

29.03.2025 –ö–∞–∑–∞–Ω—å ‚Äì –ì—Ä–∞–Ω–¥ –û—Ç–µ–ª—å ¬´–ö–∞–∑–∞–Ω—å¬ª (–∑–∞–ª –ì–∞–±–¥—É–ª–ª–∞ –¢—É–∫–∞–π). –†–∞–∑–±–∏—Ä–∞–µ–º —Ñ–∏–ª—å–º ¬´–°–æ–±–∞—á—å–µ —Å–µ—Ä–¥—Ü–µ¬ª —Å –ê–ª–µ–∫—Å–µ–µ–º –í–æ–¥–æ–≤–æ–∑–æ–≤—ã–º –∏ —Ñ–∏–ª—å–º ¬´–í–µ–ª–∏–∫–∞—è —Å—Ç–µ–Ω–∞¬ª —Å –ê–ª–µ–∫—Å–µ–µ–º –£—Å–æ—à–∏–Ω—ã–º.

30.03.2025 –ß–µ–±–æ–∫—Å–∞—Ä—ã ‚Äì –ö–æ–Ω—Ü–µ—Ä—Ç–Ω—ã–π –∑–∞–ª ¬´–ú–ê–ô—Ç–µ–∞—Ç—Ä¬ª. –†–∞–∑–±–∏—Ä–∞–µ–º —Ñ–∏–ª—å–º ¬´–°–æ–±–∞—á—å–µ —Å–µ—Ä–¥—Ü–µ¬ª —Å –ê–ª–µ–∫—Å–µ–µ–º –í–æ–¥–æ–≤–æ–∑–æ–≤—ã–º –∏ —Ñ–∏–ª—å–º ¬´–í–µ–ª–∏–∫–∞—è —Å—Ç–µ–Ω–∞¬ª —Å –ê–ª–µ–∫—Å–µ–µ–º –£—Å–æ—à–∏–Ω—ã–º.

11.05.2025 –ú–æ—Å–∫–≤–∞ ‚Äì –¶–µ–Ω—Ç—Ä–∞–ª—å–Ω—ã–π –î–æ–º –ê—Ä—Ö–∏—Ç–µ–∫—Ç–æ—Ä–∞ (–ë–æ–ª—å—à–æ–π –∑–∞–ª). –†–∞–∑–±–∏—Ä–∞–µ–º —Ñ–∏–ª—å–º ¬´–°–æ–±–∞—á—å–µ —Å–µ—Ä–¥—Ü–µ¬ª —Å –ê–ª–µ–∫—Å–µ–µ–º –í–æ–¥–æ–≤–æ–∑–æ–≤—ã–º –∏ —Å–µ—Ä–∏–∞–ª ¬´–ó–∞–¥–∞—á–∞ —Ç—Ä—ë—Ö —Ç–µ–ª¬ª —Å –í–ª–∞–¥–∏–º–∏—Ä–æ–º –°—É—Ä–¥–∏–Ω—ã–º.

07.06.2025 –°–∞–Ω–∫—Ç-–ü–µ—Ç–µ—Ä–±—É—Ä–≥ ‚Äì –û—Ç–µ–ª—å ¬´–ú–æ—Å–∫–≤–∞¬ª (–ö–∏–Ω–æ–∫–æ–Ω—Ü–µ—Ä—Ç–Ω—ã–π –∑–∞–ª). –†–∞–∑–±–∏—Ä–∞–µ–º —Ñ–∏–ª—å–º ¬´–°–æ–±–∞—á—å–µ —Å–µ—Ä–¥—Ü–µ¬ª —Å –ê–ª–µ–∫—Å–µ–µ–º –í–æ–¥–æ–≤–æ–∑–æ–≤—ã–º –∏ —Å–µ—Ä–∏–∞–ª ¬´–ó–∞–¥–∞—á–∞ —Ç—Ä—ë—Ö —Ç–µ–ª¬ª —Å –í–ª–∞–¥–∏–º–∏—Ä–æ–º –°—É—Ä–¥–∏–Ω—ã–º.

–ö–ª–∏–º –ñ—É–∫–æ–≤ –∏ –ö—Ä–∏—Å—Ç–∏–Ω–∞ –ï–≥–æ—Ä–æ–≤–∞ 6 –æ–∫—Ç—è–±—Ä—è 2024 –≥–æ–¥–∞ –≤ –î–ö –ñ–µ–ª–µ–∑–Ω–æ–¥–æ—Ä–æ–∂–Ω–∏–∫–æ–≤ (–°–∞–Ω–∫—Ç-–ü–µ—Ç–µ—Ä–±—É—Ä–≥) –æ–±—Å—É–¥–∏–ª–∏ —Ñ–∏–ª—å–º ¬´–¢—Ä–æ—è¬ª, —Å–Ω—è—Ç—ã–π –ø–æ –º–æ—Ç–∏–≤–∞–º —ç–ø–∏—á–µ—Å–∫–æ–π –ø–æ—ç–º—ã –ì–æ–º–µ—Ä–∞ ¬´–ò–ª–∏–∞–¥–∞¬ª. –¢—Ä–æ—è–Ω—Å–∫–∏–π —Ü–∞—Ä–µ–≤–∏—á –ü–∞—Ä–∏—Å –≤–ª—é–±–ª—è–µ—Ç—Å—è –≤ –∑–∞–º—É–∂–Ω—é—é —Å–ø–∞—Ä—Ç–∞–Ω—Å–∫—É—é —Ü–∞—Ä–∏—Ü—É –ï–ª–µ–Ω—É –∏ —É–≤–æ–∑–∏—Ç –µ—ë —Å —Å–æ–±–æ–π. –û–±–º–∞–Ω—É—Ç—ã–π —Å—É–ø—Ä—É–≥ –ï–ª–µ–Ω—ã ‚Äî –ú–µ–Ω–µ–ª–∞–π –æ–±—ä–µ–¥–∏–Ω—è–µ—Ç—Å—è —Å–æ —Å–≤–æ–∏–º –≤–æ–∏–Ω—Å—Ç–≤–µ–Ω–Ω—ã–º –±—Ä–∞—Ç–æ–º –ê–≥–∞–º–µ–º–Ω–æ–Ω–æ–º –∏, —Å–Ω–∞—Ä—è–¥–∏–≤ —Ç—ã—Å—è—á—É –∫–æ—Ä–∞–±–ª–µ–π, –æ—Ç–ø—Ä–∞–≤–ª—è–µ—Ç—Å—è –≤ –ø–æ—Ö–æ–¥ –Ω–∞ –¢—Ä–æ—é. –ü–æ–ª–∫–æ–≤–æ–¥–µ—Ü —É–≤–µ—Ä–µ–Ω –≤ –ø–æ–±–µ–¥–µ, –≤–µ–¥—å –µ–º—É –ø–æ–º–æ–≥–∞–µ—Ç –Ω–µ—É—è–∑–≤–∏–º—ã–π –ê—Ö–∏–ª–ª–µ—Å.

–°—Ç—Ä–∞–Ω–∏—Ü–∞ —Ñ–∏–ª—å–º–∞ –Ω–∞ –ö–∏–Ω–æ-–¢–µ–∞—Ç—Ä.–†—É:
https://www.kino-teatr.ru/kino/movie/hollywood/17875/annot/

–¢—Ä–æ—è | Troy (2004)
–°—Ç—Ä–∞–Ω—ã: –°–®–ê, –ú–∞–ª—å—Ç–∞, –í–µ–ª–∏–∫–æ–±—Ä–∏—Ç–∞–Ω–∏—è
–ñ–∞–Ω—Ä—ã: –≤–æ–µ–Ω–Ω—ã–π, –¥—Ä–∞–º–∞, –∏—Å—Ç–æ—Ä–∏—è
–†–µ–∂–∏—Å—Å—ë—Ä: –í–æ–ª—å—Ñ–≥–∞–Ω–≥ –ü–µ—Ç–µ—Ä—Å–µ–Ω
–°—Ü–µ–Ω–∞—Ä–∏—Å—Ç: –î—ç–≤–∏–¥ –ë–µ–Ω–∏–æ—Ñ—Ñ
–ü—Ä–æ–¥—é—Å–µ—Ä—ã: –í–æ–ª—å—Ñ–≥–∞–Ω–≥ –ü–µ—Ç–µ—Ä—Å–µ–Ω, –î–∏–∞–Ω–∞ –†–∞—Ç–±–∞–Ω, –ö–æ–ª–∏–Ω –£–∏–ª—Å–æ–Ω
–û–ø–µ—Ä–∞—Ç–æ—Ä—ã: –ü–æ–ª –ë–æ–Ω–¥, –†–æ–¥–∂–µ—Ä –ü—Ä—ç—Ç—Ç
–ö–æ–º–ø–æ–∑–∏—Ç–æ—Ä: –î–∂–µ–π–º—Å –•–æ—Ä–Ω–µ—Ä
–ê–∫—Ç—ë—Ä—ã: –ë—Ä—ç–¥ –ü–∏—Ç—Ç, –≠—Ä–∏–∫ –ë–∞–Ω–∞, –û—Ä–ª–∞–Ω–¥–æ –ë–ª—É–º, –î–∏–∞–Ω–∞ –ö—Ä—é–≥–µ—Ä, –ë—Ä–∞–π–∞–Ω –ö–æ–∫—Å, –®–æ–Ω –ë–∏–Ω, –ü–∏—Ç–µ—Ä –û'–¢—É–ª, –°—ç—Ñ—Ñ—Ä–æ–Ω –ë–µ—Ä—Ä–æ—É–∑, –†–æ—É–∑ –ë–∏—Ä–Ω, –ë—Ä–µ–Ω–¥–∞–Ω –ì–ª–∏—Å–æ–Ω, –î–∂—É–ª–∏ –ö—Ä–∏—Å—Ç–∏, –ì–∞—Ä—Ä–µ—Ç –•–µ–¥–ª—É–Ω–¥, –î–∂–æ–Ω –®—Ä—ç–ø–Ω–µ–ª, –î–∂–µ–π–º—Å –ö–æ—Å–º–æ, –ú–∞–Ω—É—ç–ª—å –ö–æ—à–∏, –î–∂—É–ª–∏–∞–Ω –ì–ª–æ–≤–µ—Ä, –í–∏–Ω—Å–µ–Ω—Ç –†–∏–≥–∞–Ω, –û–≤–∞–π–Ω –ô–æ–º—ç–Ω, –ù–∞–π–¥–∂–µ–ª –¢–µ—Ä—Ä–∏, –ù–∞—Ç–∞–Ω –î–∂–æ—É–Ω—Å, –ê–¥–æ–Ω–∏ –ú–∞—Ä–æ–ø–∏—Å",4859,6593,2025-03-01T18:50:18,–î–µ–∫–æ–Ω—Å—Ç—Ä—É–∫—Ü–∏—è LIVE. –ö–ª–∏–º –ñ—É–∫–æ–≤ –æ —Ñ–∏–ª—å–º–µ ¬´–¢—Ä–æ—è¬ª (2004),https://rutube.ru/video/9e84a56525d41806a085a715259886bb/,8420540,11021,–û—Ñ–∏—Ü–∏–∞–ª—å–Ω—ã–π –∫–∞–Ω–∞–ª –ø–æ—Ä—Ç–∞–ª–∞ –ö–∏–Ω–æ-–¢–µ–∞—Ç—Ä.–†—É,150,,,
9,30334416,–ê–ª–µ–∫—Å–∞–Ω–¥—Ä –°–µ–º—á–µ–Ω–∫–æ,–†–∞–∑–Ω–æ–µ,"–ü–æ–¥–ø–∏—Å–∞—Ç—å—Å—è –Ω–∞ –¢–µ–ª–µ–≥—Ä–∞–º-–∫–∞–Ω–∞–ª: https://t.me/AleksandrSemchenko

–ü–û–ú–û–ß–¨ –ö–ê–ù–ê–õ–£: 2200 7007 7404 5933

–Ø–Ω–¥–µ–∫—Å-–∫–æ—à–µ–ª—ë–∫ 410011296594237, –ø—Ä—è–º–∞—è —Å—Å—ã–ª–∫–∞ - https://yoomoney.ru/to/410011296594237

–ú–æ–π —Ä—É—Ç—É–±: https://rutube.ru/video/2516bb3718b0f9156011baa0fc21c6ea/?r=a

–î–∑–µ–Ω: https://dzen.ru/id/63f4ae605b2bea22b7350df8",480,24686,2025-03-02T17:40:06,–°–≤–æ–¥–∫–∞ –∑–∞ 2 –º–∞—Ä—Ç–∞. –†–æ—Å—Å–∏—è –≥–æ—Ç–æ–≤–∏—Ç—Å—è –∫ –ø—Ä–æ—Ä—ã–≤—É —Ñ—Ä–æ–Ω—Ç–∞. –ü–∞—É–∑–∞ –Ω–∞ —Ñ—Ä–æ–Ω—Ç–µ,https://rutube.ru/video/a29bd9f1e564efc599a88435d2754f23/,30334416,85026,"–ü–æ–¥–ø–∏—Å—ã–≤–∞–π—Ç–µ—Å—å –Ω–∞ –¢–µ–ª–µ–≥—Ä–∞–º-–∫–∞–Ω–∞–ª: https://t.me/+PALOml4HWlk0N2U6  –ú–æ–π —é—É—Ç—É–±: https://www.youtube.com/@aleksandrsemchenko8346/featured  –î–∑–µ–Ω: https://dzen.ru/id/63f4ae605b2bea22b7350df8  –Ø–Ω–¥–µ–∫—Å-–∫–æ—à–µ–ª—ë–∫ 410011296594237, –ø—Ä—è–º–∞—è —Å—Å—ã–ª–∫–∞ -  https://money.yandex.ru/to/410011296594237 –ü–û–ú–û–ß–¨ –ö–ê–ù–ê–õ–£: 2200 7007 7404 5933  https://knd.gov.ru/license? id=673603857de0911509ed166b&registryType=bloggersPermission –ù–æ–º–µ—Ä –∑–∞—è–≤–ª–µ–Ω–∏—è –≤ –†–ö–ù: 4796165234",1312,,,
10,23976754,CustomTruck,–ê–≤—Ç–æ-–º–æ—Ç–æ,"–õ—É—á—à–∏–µ —Ü–µ–Ω—ã –Ω–∞ –¢–û —É –∞–≤—Ç–æ—Å–ø–æ—Ç: https://autospot.ru/autoservice/to/?utm_source=ytb&utm_medium=bloggers&utm_term=newcars&utm_content=mr125&utm_campaign=customtruck

–¢—é–º–µ–Ω—Å–∫–∏–µ –∏—Ä—Ä–∏–≥–∞—Ç–æ—Ä—ã 
–∏ —â—ë—Ç–∫–∏ —Ç—É—Ç: 
https://cgpods.ru/gust25
–ü—Ä–æ–º–æ–∫–æ–¥ GUST25 - —Å–∫–∏–¥–∫–∞
–ì–∏–ø–æ–∞–ª–ª–µ—Ä–≥–µ–Ω–Ω—ã–µ –º–∞—Ç–µ—Ä–∏–∞–ª—ã. –†–µ–∫–æ—Ä–¥–Ω–∞—è –∞–≤—Ç–æ–Ω–æ–º–Ω–æ—Å—Ç—å. –†–∞–∑—Ä–∞–±–æ—Ç–∞–Ω—ã –Ω–∞ –æ—Å–Ω–æ–≤–µ —Ä–µ–∫–æ–º–µ–Ω–¥–∞—Ü–∏–π –í–û–ó –∏ –ø—Ä–∏ —É—á–∞—Å—Ç–∏–∏ –ò–ò. –†–∞—Å—Å—á–∏—Ç–∞–Ω—ã –Ω–∞ –¥–µ—Å—è—Ç–∏–ª–µ—Ç–∏—è –∫–æ–Ω—Ç–∞–∫—Ç–∞ —Å –≤–æ–¥–æ–π, —É–¥–æ–±–Ω–æ –±—Ä–∞—Ç—å —Å —Å–æ–±–æ–π.

–ü–æ–¥–¥–µ—Ä–∂–∞—Ç—å –Ω–∞—Å –Ω–∞ –ë–£–°–¢–ò https://boosty.to/customtruck
–ü—Ä–µ–¥–ª–æ–∂–µ–Ω–∏—è:  customtruck@phantomag.ru
–¢–µ–ª–µ–≥—Ä–∞–º–º –∫–∞–Ω–∞–ª:https://t.me/customtrucktelegramm
–ú–æ–π –≤—Ç–æ—Ä–æ–π –∫–∞–Ω–∞–ª:https://www.youtube.com/channel/UCtljZRT4f5QDXw-qeF5RV8Q
–Ø–Ω–¥–µ–∫—Å –¥–∑–µ–Ω:https://zen.yandex.ru/id/60c408fe689e784a0392f617 
https://rutube.ru/channel/23976754/
https://vk.com/video/@id255934856
https://vk.com/customtruckyoutube
https://www.instagram.com/armymehanik
–†–µ–∫–ª–∞–º–∞. –û–û–û ¬´–ê–≤—Ç–æ—Å–ø–æ—Ç¬ª, –ò–ù–ù: 7715936827, erid: 2W5zFHadZya
–†–µ–∫–ª–∞–º–∞. –ò–ü –ë–æ–∫–æ–≤ –í–∞–¥–∏–º –ê–Ω–∞—Ç–æ–ª—å–µ–≤–∏—á. –ò–ù–ù: 860231222547. erid: 2W5zFHstrXz",2762,16316,2025-03-02T14:00:28,–Ø —Å—Ç—Ä–æ—é —ç–≤–∞–∫—É–∞—Ç–æ—Ä —Ç—Ä–∞–ª –ø–ª–æ—â–∞–¥–∫—É –Ω–∞ —à–∞—Å—Å–∏ —Å—Ç–∞—Ä–æ–π VOLVO F12!!!,https://rutube.ru/video/ba758e01ecac7bc8d16b95c79d30bebf/,23976754,40011,"–∫–∞–Ω–∞–ª –ø–æ—Å–≤—è—â–µ–Ω —Ç–µ—Ö–Ω–∏–∫–µ, —Ä–µ–º–æ–Ω—Ç—É –∏ —ç–∫—Å–ø–ª—É–∞—Ç–∞—Ü–∏–∏, –†–µ–≥–∏—Å—Ç—Ä–∞—Ü–∏—è –≤ –ø–µ—Ä–µ—á–Ω–µ –†–ö–ù: https://gosuslugi.ru/snet/67b7278062d24f3a23f46be4",39,,,
11,30276403,–ï–í–ì–ï–ù–ò–ô –ú–û–°–ö–í–ò–ù - –¢–í–û–ô –Æ–†–ò–°–¢,–û–±—É—á–µ–Ω–∏–µ,"–ü–æ–¥–ø–∏—Å—ã–≤–∞–π—Ç–µ—Å—å, –ø–∏—à–∏—Ç–µ –≤ –∫–æ–º–º–µ–Ω—Ç–∞—Ä–∏—è—Ö —Å–≤–æ–∏ –≤–æ–ø—Ä–æ—Å—ã –∏ –æ–±—Ä–∞—Ç–Ω—É—é —Å–≤—è–∑—å –ø–æ –≤–∏–¥–µ–æ, –æ—Ç–≤–µ—á—É –∫–∞–∂–¥–æ–º—É!

–ö–æ–Ω—Ç–∞–∫—Ç—ã –¥–ª—è —Å–≤—è–∑–∏:
Telegram: t.me/Moskvin_EV
WhatsApp: wa.me/+79802487898  
E-mail: moskvinevgenii@yandex.ru | moskvinevgenii@mail.ru",202,3390,2025-02-27T09:13:01,–ö–ê–ö –í–ï–†–ù–£–¢–¨ –û–®–ò–ë–û–ß–ù–´–ô –ü–ï–†–ï–í–û–î,https://rutube.ru/video/f730282e1e8cca408f129f5e78d64e24/,30276403,20490,"–ï–≤–≥–µ–Ω–∏–π –ú–æ—Å–∫–≤–∏–Ω - –æ—Ñ–∏—Ü–∏–∞–ª—å–Ω—ã–π –∫–∞–Ω–∞–ª –Ω–∞ Rutube!  –Ø —á–∞—Å—Ç–Ω–æ–ø—Ä–∞–∫—Ç–∏–∫—É—é—â–∏–π —é—Ä–∏—Å—Ç —Å –æ–≥—Ä–æ–º–Ω—ã–º –æ–ø—ã—Ç–æ–º —Å—É–¥–µ–±–Ω—ã—Ö —Ä–∞–∑–±–∏—Ä–∞—Ç–µ–ª—å—Å—Ç–≤ –æ—Ç –º–∏—Ä–æ–≤–æ–≥–æ —Å—É–¥—å–∏ –¥–æ —Å—É–¥–µ–±–Ω–æ–π –∫–æ–ª–ª–µ–≥–∏–∏ –í–µ—Ä—Ö–æ–≤–Ω–æ–≥–æ —Å—É–¥–∞, –∞ —Ç–∞–∫–∂–µ –Ω–∞—á–∞–ª—å–Ω–∏–∫ –Æ—Ä–∏–¥–∏—á–µ—Å–∫–æ–π —Å–ª—É–∂–±—ã –∫—Ä—É–ø–Ω–æ–π –í—Å–µ—Ä–æ—Å—Å–∏–π—Å–∫–æ–π –ö–æ–º–ø–∞–Ω–∏–∏. –Ø –≤–∞—à —Å–æ–≤–µ—Ç–Ω–∏–∫ –≤ –º–∏—Ä–µ –†–æ—Å—Å–∏–π—Å–∫–æ–≥–æ –ø—Ä–∞–≤–∞!  ‚Ññ 4907940814 –ß—Ç–æ –≤—ã —É–≤–∏–¥–∏—Ç–µ? –†–∞–∑–±–æ—Ä—ã –∏–Ω—Ç–µ—Ä–µ—Å–Ω—ã—Ö –ø—Ä–∞–≤–æ–≤—ã—Ö —Å–∏—Ç—É–∞—Ü–∏–π, –æ—Ç–≤–µ—Ç—ã –Ω–∞ –∏–Ω—Ç–µ—Ä–µ—Å—É—é—â–∏–µ —Ç–µ–±—è –≤–æ–ø—Ä–æ—Å—ã —Å —Ç–æ—á–∫–∏ –∑—Ä–µ–Ω–∏—è –∑–∞–∫–æ–Ω–∞, –∞ –Ω–µ –æ–±—ã—á–∞–µ–≤ –∏ —Ç—Ä–∞–¥–∏—Ü–∏–π, –ø—Ä–∞–≤–æ–≤—ã–µ –∫–æ–Ω—Å—É–ª—å—Ç–∞—Ü–∏–∏ –æ —Ç–æ–º –∫–∞–∫ –ø–æ—Å—Ç—É–ø–∞—Ç—å –≤ —Ç–æ–π –∏–ª–∏ –∏–Ω–æ–π —Å–∏—Ç—É–∞—Ü–∏–∏, –∞ —Ç–∞–∫–∂–µ —é—Ä–∏–¥–∏—á–µ—Å–∫–∏–µ –ª–∞–π—Ñ—Ö–∞–∫–∏ –¥–ª—è —Ç–æ–≥–æ —á—Ç–æ –±—ã –≤—ã –±—ã–ª–∏ –ø—Ä–∞–≤—ã, –¥–∞–∂–µ –µ—Å–ª–∏ –≤—ã –Ω–µ –ø—Ä–∞–≤—ã!!!  –ü–æ—á–µ–º—É –≤—ã –¥–æ–ª–∂–Ω—ã –ø–æ–¥–ø–∏—Å–∞—Ç—å—Å—è? –Ø –ø–µ—Ä–µ–≤–µ–¥—É –≤—Å–µ —Å —é—Ä–∏–¥–∏—á–µ—Å–∫–æ–≥–æ –Ω–∞ —Ä—É—Å—Å–∫–∏–π —Å –∫–æ–Ω–∫—Ä–µ—Ç–Ω—ã–º–∏ –ø—Ä–∏–º–µ—Ä–∞–º–∏, —Ä–∞–∑–±–µ—Ä—É —Å–∏—Ç—É–∞—Ü–∏—é –∏ –ø–æ—Ä–µ–∫–æ–º–µ–Ω–¥—É—é –∫–∞–∫ —Ç–µ–±–µ –ø–æ—Å—Ç—É–ø–∞—Ç—å –≤ –∫–∞–∂–¥–æ–º –∏–Ω–¥–∏–≤–∏–¥—É–∞–ª—å–Ω–æ–º —Å–ª—É—á–∞–µ –Ω–∞ –æ—Å–Ω–æ–≤–µ —É–∂–µ —Å–ª–æ–∂–∏–≤—à–µ–π—Å—è —Å—É–¥–µ–±–Ω–æ–π –ø—Ä–∞–∫—Ç–∏–∫–∏. –†–∞—Å—Å–∫–∞–∂—É –≤—Å–µ —é—Ä–∏–¥–∏—á–µ—Å–∫–∏–µ –Ω—é–∞–Ω—Å—ã –∏ –Ω–µ —Ç–æ–ª—å–∫–æ!  –°–æ—Ç—Ä—É–¥–Ω–∏—á–µ—Å—Ç–≤–æ: vladimir@insightpeople.ru –†–µ–∑–∏–¥–µ–Ω—Ç @insight.people  –¢–∞–∫–∂–µ —è: –í Yappy - moskvin_lawyer Telegram: t.me/Moskvin_EV",49,https://rutube.ru/video/f730282e1e8cca408f129f5e78d64e24/,1222.0,3.0
12,23501555,–¢–µ–ª–µ–∫–∞–Ω–∞–ª 360,–ù–æ–≤–æ—Å—Ç–∏ –∏ –°–ú–ò,"‚≠ïÔ∏è–ü–æ–¥–ø–∏—à–∏—Ç–µ—Å—å –Ω–∞ –∫–∞–Ω–∞–ª 360: https://rutube.ru/channel/23501555/

–°–º–æ—Ç—Ä–∏—Ç–µ –ø–æ–ª–Ω—É—é –≤–µ—Ä—Å–∏—é —Å–∫–∞–Ω–¥–∞–ª—å–Ω–æ–π –≤—Å—Ç—Ä–µ—á–∏ –î–æ–Ω–∞–ª—å–¥–∞ –¢—Ä–∞–º–ø–∞ —Å –í–ª–∞–¥–∏–º–∏—Ä–æ–º –ó–µ–ª–µ–Ω—Å–∫–∏–º –Ω–∞ —Ä—É—Å—Å–∫–æ–º —è–∑—ã–∫–µ.

#–¢–µ–ª–µ–∫–∞–Ω–∞–ª360 

‚≠ïÔ∏è–ü–æ–¥–ø–∏—Å—ã–≤–∞–π—Ç–µ—Å—å –Ω–∞ –Ω–∞—à–∏ –¥—Ä—É–≥–∏–µ —Å–æ—Ü—Å–µ—Ç–∏!",3738,132007,2025-03-01T00:14:08,–ü–æ–ª–Ω–∞—è –≤–µ—Ä—Å–∏—è –≤—Å—Ç—Ä–µ—á–∏ –î–æ–Ω–∞–ª—å–¥–∞ –¢—Ä–∞–º–ø–∞ —Å –í–ª–∞–¥–∏–º–∏—Ä–æ–º –ó–µ–ª–µ–Ω—Å–∫–∏–º –Ω–∞ —Ä—É—Å—Å–∫–æ–º —è–∑—ã–∫–µ,https://rutube.ru/video/fc654dfaa8e3401cbc1fcbddb9566496/,23501555,219894,"–°–∞–º—ã–µ —Å–≤–µ–∂–∏–µ –Ω–æ–≤–æ—Å—Ç–∏ —Å—Ç—Ä–∞–Ω—ã –∏ –º–∏—Ä–∞ 24 —á–∞—Å–∞ –≤ —Å—É—Ç–∫–∏. –ù–∞ –Ω–∞—à–µ–º –∫–∞–Ω–∞–ª–µ –∫–∞–¥—Ä—ã —Å –º–µ—Å—Ç–∞ —Å–æ–±—ã—Ç–∏–π, –∏–Ω—Ç–µ—Ä–µ—Å–Ω—ã–µ —Ä–µ–ø–æ—Ä—Ç–∞–∂–∏, —ç–∫—Å–∫–ª—é–∑–∏–≤–Ω–æ–µ –≤–∏–¥–µ–æ. –ù–æ–≤–æ—Å—Ç–∏ –æ –∂–∏–∑–Ω–∏ –º–∏—Ä–∞ –æ—Ç –º–∞—Å—à—Ç–∞–±–Ω—ã—Ö –ø—Ä–µ–æ–±—Ä–∞–∑–æ–≤–∞–Ω–∏–π –¥–æ —Å–µ–º–µ–π–Ω—ã—Ö –∏—Å—Ç–æ—Ä–∏–π –∂–∏—Ç–µ–ª–µ–π, –ø–æ–ª–∏—Ç–∏–∫–∞, —ç–∫–æ–Ω–æ–º–∏–∫–∞, —Å–ø–æ—Ä—Ç, –ø—Ä–æ–∏—Å—à–µ—Å—Ç–≤–∏—è.  –≠–∫—Å–∫–ª—é–∑–∏–≤–Ω—ã–µ —Ä–∞–∑–±–æ—Ä—ã –°–í–û —Å –ú–∏—Ö–∞–∏–ª–æ–º –û–Ω—É—Ñ—Ä–∏–µ–Ω–∫–æ.",46743,,,
13,23550697,–°–∞–Ω—è –≤–æ –§–ª–æ—Ä–∏–¥–µ,–ù–æ–≤–æ—Å—Ç–∏ –∏ –°–ú–ò,"–¢–µ–ª–µ–≥—Ä–∞–º https://t.me/sanya_florida
Rutube https://rutube.ru/u/sanyaflorida
Tiktok https://www.tiktok.com/@vofloride
–í–ö https://vk.com/sanya_florida
–î–∑–µ–Ω  https://dzen.ru/sanya_florida

–ü–æ–¥–¥–µ—Ä–∂–∞—Ç—å –∫–∞–Ω–∞–ª
https://www.donationalerts.com/r/sanyaflorida
–ü–æ—Å–º–æ—Ç—Ä–µ—Ç—å –Ω–∞ –ë—É—Å—Ç–∏ (–ø–æ–¥–¥–µ—Ä–∂–∞—Ç—å –∫–∞–Ω–∞–ª) https://boosty.to/sanya_florida

–ö–∞–∫ –ø–µ—Ä–µ–≤–µ—Å—Ç–∏ –¥–µ–Ω—å–≥–∏ –º–µ–∂–¥—É –°–®–ê –∏ –†–æ—Å—Å–∏–µ–π. –ß–∞—Å—Ç—å 1 - –æ—Ç–ø—Ä–∞–≤–∏–º –¥–µ–Ω—å–≥–∏ –∏–∑ –∞–º–µ—Ä–∏–∫–∞–Ω—Å–∫–æ–≥–æ –±–∞–Ω–∫–∞ –≤ —Ä–æ—Å—Å–∏–π—Å–∫–∏–π. –ü–æ–ª–Ω–æ–µ –≤–∏–¥–µ–æ –≤—ã–ª–æ–∂–∏–ª –Ω–∞ –ë—É—Å—Ç–∏ - https://boosty.to/sanya_florida/posts/71d5ec33-133c-441c-b45b-9af01dfd70de",3129,379534,2025-03-01T19:36:54,–£–∫—Ä–∞–∏–Ω—Å–∫–∏–π —Ñ—Ä–æ–Ω—Ç - 8 –º–∏–Ω—É—Ç –ó–µ–ª–µ–Ω—Å–∫–æ–≥–æ - –ö–ê–¢–ê–°–¢–†–û–§–ê –¥–ª—è –£–∫—Ä–∞–∏–Ω—ã. –ö–ª–æ—É–Ω –Ω–∞–æ—Ä–∞–ª –Ω–∞ –º–∏–Ω—É—Å –°–®–ê. 01.03.25,https://rutube.ru/video/1f5daa5da56701dbf56c35f2860af69b/,23550697,517757,–¢–µ–ª–µ–≥—Ä–∞–º https://t.me/sanya_florida Rutube https://rutube.ru/u/sanyaflorida Tiktok https://www.tiktok.com/@vofloride –í–ö https://vk.com/sanya_florida  –ü–æ–¥–¥–µ—Ä–∂–∞—Ç—å –∫–∞–Ω–∞–ª  —Ä—É–±–ª–µ–º https://boosty.to/sanya_florida - –≤–∏–¥–µ–æ –∫–∫–æ–Ω—Ç–µ–Ω—Ç –±–µ–∑ —Ä–µ–∫–ª–∞–º—ã –∏ –±–æ–Ω—É—Å –∫–æ–Ω—Ç–µ–Ω—Ç https://www.donationalerts.com/r/sanyaflorida - –¥–æ–Ω–∞—Ç—ã  –†–æ—Å–∫–æ–º–Ω–∞–¥–∑–æ—Ä https://gosuslugi.ru/snet/67aad2d93c3e6d784397f40a,678,https://rutube.ru/video/1f5daa5da56701dbf56c35f2860af69b/,30731.0,4806.0
14,23463954,–¢–µ–ª–µ–∫–∞–Ω–∞–ª –¢–ù–¢,–¢–µ–ª–µ–ø–µ—Ä–µ–¥–∞—á–∏,"–ö–æ–≥–æ —Ç—ã —Å—á–∏—Ç–∞–µ—à—å –ª—É—á—à–∏–º? 
 
–ì–æ–ª–æ—Å—É–π –∑–∞ —Å–∞–º–æ–≥–æ —Å–∏–ª—å–Ω–æ–≥–æ —É—á–∞—Å—Ç–Ω–∏–∫–∞ –≤—ã–ø—É—Å–∫–∞ 
https://bitva-silnejshih.tnt-online.ru/
 
—Ç–∞–∫ –∂–µ –∑–∞—Ä–∞–±–∞—Ç—ã–≤–∞–π –¥–æ–ø–æ–ª–Ω–∏—Ç–µ–ª—å–Ω—ã–µ –±–∞–ª–ª—ã –∏ –≤–ª–∏—è–π –Ω–∞ —Å—É–¥—å–±—É
—Å–≤–æ–µ–≥–æ —Ñ–∞–≤–æ—Ä–∏—Ç–∞
https://redirect.appmetrica.yandex.com/serve/533542901343384384",6930,1805793,2025-03-01T21:00:12,"–≠–∫—Å—Ç—Ä–∞—Å–µ–Ω—Å—ã. –ë–∏—Ç–≤–∞ —Å–∏–ª—å–Ω–µ–π—à–∏—Ö, 2 —Å–µ–∑–æ–Ω, 7 –≤—ã–ø—É—Å–∫",https://rutube.ru/video/48a77654b5b1492f331bee442d9fcb17/,23463954,932560,–û—Ñ–∏—Ü–∏–∞–ª—å–Ω—ã–π –∞–∫–∫–∞—É–Ω—Ç —Ç–µ–ª–µ–∫–∞–Ω–∞–ª–∞ –¢–ù–¢ –†–µ–≥–∏—Å—Ç—Ä–∞—Ü–∏—è –≤ –†–ö–ù: https://www.gosuslugi.ru/snet/67ad40513687544fb531d928,3320,,,
15,24488689,–î–º–∏—Ç—Ä–∏–π –ù–∏–∫–æ—Ç–∏–Ω,–ü–æ–ª–∏—Ç–∏–∫–∞,"–¢–µ–ª–µ–≥—Ä–∞–º –∫–∞–Ω–∞–ª –î–º–∏—Ç—Ä–∏—è –ù–∏–∫–æ—Ç–∏–Ω–∞ - https://t.me/dmitrynikotin
–ó–∞–∫–∞–∑–∞—Ç—å –º–æ–∏ —Ñ–∏—Ä–º–µ–Ω–Ω—ã–µ —Ñ—É—Ç–±–æ–ª–∫–∏ –∏ —Å–≤–∏—Ç—à–æ—Ç—ã –∏–∑ –≤—ã–ø—É—Å–∫–æ–≤ –º–æ–∂–Ω–æ —Ç—É—Ç - https://nikotinshop.ru",1894,388085,2025-03-01T00:04:24,–†–ê–ó–ë–û–†–ö–ê –¢–†–ê–ú–ü–ê –ò –ó–ï–õ–ï–ù–°–ö–û–ì–û. –°–ö–ê–ù–î–ê–õ –í –ë–ï–õ–û–ú –î–û–ú–ï. –ß–¢–û –í–ó–ë–ï–°–ò–õ–û –¢–†–ê–ú–ü–ê?,https://rutube.ru/video/960818d52b45c839953cfa9c0d10843b/,24488689,283177,"–í–∏–¥–µ–æ–±–ª–æ–≥ –ø—Ä–æ –ø–æ–ª–∏—Ç–∏–∫—É, –ø—Ä–æ—Å—Ç—ã–º —è–∑—ã–∫–æ–º –æ —Å–ª–æ–∂–Ω–æ–º.  –ó–¥–µ—Å—å –æ–±—Å—É–∂–¥–∞—é—Ç—Å—è –æ–±—â–µ—Å—Ç–≤–µ–Ω–Ω–æ-–ø–æ–ª–∏—Ç–∏—á–µ—Å–∫–∏–µ —Ç–µ–º—ã, —Ä–µ–≥—É–ª—è—Ä–Ω–æ –≤—ã—Ö–æ–¥—è—Ç —Ä–æ–ª–∏–∫–∏ –∏ –ø—Ä–æ—Ö–æ–¥—è—Ç —Å—Ç—Ä–∏–º—ã.  –î–º–∏—Ç—Ä–∏–π –ù–∏–∫–æ—Ç–∏–Ω - –ø–æ–ª–∏—Ç–æ–ª–æ–≥, –æ–∫–æ–Ω—á–∏–ª –∞—Å–ø–∏—Ä–∞–Ω—Ç—É—Ä—É –ø–æ –ø–æ–ª–∏—Ç–æ–ª–æ–≥–∏–∏ –≤ –†–æ—Å—Å–∏–π—Å–∫–æ–π –∞–∫–∞–¥–µ–º–∏–∏ –≥–æ—Å—É–¥–∞—Ä—Å—Ç–≤–µ–Ω–Ω–æ–π —Å–ª—É–∂–±—ã, —Ä–∞–±–æ—Ç–∞–ª –ø—Ä–µ–ø–æ–¥–∞–≤–∞—Ç–µ–ª–µ–º –≤ —Ä–æ–¥–Ω–æ–π –∞–∫–∞–¥–µ–º–∏–∏. –í—ã—à–∫–∞ - –ì–æ—Å—É–¥–∞—Ä—Å—Ç–≤–µ–Ω–Ω–æ–µ –∏ –º—É–Ω–∏—Ü–∏–ø–∞–ª—å–Ω–æ–µ —É–ø—Ä–∞–≤–ª–µ–Ω–∏–µ.  –†–ö–ù: https://knd.gov.ru/license?id=672a5407db0c1931b13ac26a&registryType=bloggersPermission",546,https://rutube.ru/video/960818d52b45c839953cfa9c0d10843b/,14636.0,1319.0
16,23178409,–ù–¢–í,–¢–µ–ª–µ–ø–µ—Ä–µ–¥–∞—á–∏,"–ê—Ä—Ç–∏—Å—Ç–æ–≤, –∏—Å–ø–æ–ª–Ω—è–≤—à–∏—Ö —Ö–∏—Ç—ã –≤ –ø—Ä–æ—à–ª–æ–º, –Ω–∞ —ç—Ç–æ—Ç —Ä–∞–∑ –∂–¥–∞–ª–æ –∏—Å–ø—ã—Ç–∞–Ω–∏–µ —Å–æ–≤—Ä–µ–º–µ–Ω–Ω—ã–º–∏ —Ç–æ–ø–æ–≤—ã–º–∏ –∫–æ–º–ø–æ–∑–∏—Ü–∏—è–º–∏. –í –∫–æ–≥–æ –ø–æ–ª–µ—Ç–µ–ª–∏ —Å—Ç—Ä–µ–ª—ã –°–µ—Ä–≥–µ—è –°–æ—Å–µ–¥–æ–≤–∞? –ö—Ç–æ –¥–æ–≤–µ–ª –¥–æ —Å–ª–µ–∑ –ö–∏—Ä–∏–ª–ª–∞ –¢—É—Ä–∏—á–µ–Ω–∫–æ –≤ –∂—é—Ä–∏? –ò –ø–æ—á–µ–º—É –ö–æ—Ä–Ω–µ–ª–∏—è –ú–∞–Ω–≥–æ –Ω–∞—á–∞–ª–∞ –ø—Ä–æ—â–∞—Ç—å—Å—è —Å –ø—Ä–æ–µ–∫—Ç–æ–º –µ—â–µ –¥–æ –≤—ã—Ö–æ–¥–∞ –Ω–∞ —Å—Ü–µ–Ω—É?

–°–º–æ—Ç—Ä–∏—Ç–µ –≤—Å–µ –≤—ã–ø—É—Å–∫–∏ –Ω–æ–≤–æ–≥–æ —Å–µ–∑–æ–Ω–∞ —ç–∫—Å–∫–ª—é–∑–∏–≤–Ω–æ –Ω–∞ RUTUBE: https://rutube.ru/plst/823967",9225,139688,2025-03-01T23:30:08,–°—É–ø–µ—Ä—Å—Ç–∞—Ä! 5 —Å–µ–∑–æ–Ω. 5 –≤—ã–ø—É—Å–∫,https://rutube.ru/video/a9c3ce262d217bab3f0c7cf7fd2483b5/,23178409,1255633,"–û—Ñ–∏—Ü–∏–∞–ª—å–Ω—ã–π –∫–∞–Ω–∞–ª –ù–¢–í –Ω–∞ RUTUBE.  –ö—Ä—É–≥–ª–æ—Å—É—Ç–æ—á–Ω—ã–π –ø—Ä—è–º–æ–π —ç—Ñ–∏—Ä, –≥–ª–∞–≤–Ω—ã–µ –Ω–æ–≤–æ—Å—Ç–∏, –∞–≤—Ç–æ—Ä—Å–∫–∏–µ –ø—Ä–æ–≥—Ä–∞–º–º—ã, –ø–æ–ª–Ω—ã–µ –≤—ã–ø—É—Å–∫–∏ –≤–∞—à–∏—Ö –ª—é–±–∏–º—ã—Ö –ø–µ—Ä–µ–¥–∞—á, —è—Ä–∫–∏–µ —à–æ—É –∏ —Å–µ—Ä–∏–∞–ª—ã.  –ü–æ–¥–ø–∏—Å—ã–≤–∞–π—Ç–µ—Å—å, —á—Ç–æ–±—ã –Ω–µ –ø—Ä–æ–ø—É—Å—Ç–∏—Ç—å –Ω–æ–≤—ã–µ –≤–∏–¥–µ–æ, –Ω–æ–≤—ã–µ —à–æ—É, –Ω–æ–≤—ã–µ –≤—ã–ø—É—Å–∫–∏ –∏ –ø—Ä–µ–º—å–µ—Ä—ã!   –° –ª—é–±–æ–≤—å—é,  –≤–∞—à –ù–¢–í",21366,,,
17,21014334,"–°—Ç–∞—Å –ê–π, –ö–∞–∫ –ü—Ä–æ—Å—Ç–æ!",–ù–æ–≤–æ—Å—Ç–∏ –∏ –°–ú–ò,"–°—Ç–∞–≤—å—Ç–µ ‚ù§Ô∏è –ª–∞–π–∫–∏, —á—Ç–æ–± –≤–∏–¥–µ–æ –ø—Ä–æ–¥–≤–∏–≥–∞–ª–æ—Å—å –ª—É—á—à–µ!
–°–æ—Ç—Ä—É–¥–Ω–∏—á–µ—Å—Ç–≤–æ ‚Äì ikakprosto.commercial@gmail.com
–ú–æ–π –ë—É—Å—Ç–∏ ‚Äì https://boosty.to/ikakprosto
–ú–æ–π –º–∞–≥–∞–∑–∏–Ω ‚Äì https://podsas.ru
–í–ö–æ–Ω—Ç–∞–∫—Ç–µ ‚Äì https://vk.com/ikakprosto
–ù–∞ –†—É—Ç—É–±–µ ‚Äì https://rutube.ru/channel/21014334/
–¢–µ–ª–µ–≥—Ä–∞–º ‚Äì https://t.me/ikakprosto
–í –î–∑–µ–Ω–µ ‚Äì https://dzen.ru/ikakprosto
–ê—É–¥–∏–æ–≤–µ—Ä—Å–∏—è ‚Äì https://band.link/ikakprosto

–¢–∞–π–º–∫–æ–¥—ã:‚Ä®
00:00 –ù–∞—á–∞–ª–æ‚Ä®
01:19 –û—á–µ—Ä–µ–¥–Ω–æ–π —Ä–µ–º–µ–π–∫
01:52 –ü–∞—Ä–Ω–∏, –≤—ã –∏–∑–¥–µ–≤–∞–µ—Ç–µ—Å—å?
02:08 –í—ã–≥–ª—è–¥–∏—à—å –∫–∞–∫ –µ–±–∞–Ω–∞
03:22 –°–º–µ—Ä—Ç—å –Ω–∞ –∫–æ–Ω—Ü–µ—Ä—Ç–µ
03:35 –ü–∞–∫–µ—Ç —Å –ø–∞–∫–µ—Ç–∞–º–∏
04:05 –¢–æ–ª–∏ –µ—â–µ –±—É–¥–µ—Ç!
04:13 8 –ª–µ—Ç –∑–∞ –¥–µ–±–æ—à
06:17 –ê—Ç–∞–∫–∞ –Ω–∞ Mcdonalds
06:48 –£—á–µ–Ω–∏–∫ –ø—Ä–µ–≤–∑–æ—à–µ–ª —É—á–∏—Ç–µ–ª—è
07:07 –®–∞—Ä–ª–∞—Ç–∞–Ω–∞–º ‚Äì –ë–û–ô!
08:21 –ü–æ–ª–Ω–æ–µ –ø–æ–≥—Ä—É–∂–µ–Ω–∏–µ
08:58 –ê—Ä—Ö–∏—Ç–µ–∫—Ç–æ—Ä —Å–∞–Ω–∫—Ü–∏–π
10:53 –ö—Ä–∏–ø—Ç–æ-–≤–æ–∑–Ω–∞–≥—Ä–∞–∂–¥–µ–Ω–∏–µ
11:17 –°–æ–∑–¥–∞—Ç–µ–ª–∏ –∫–æ—Ä—Ä—É–ø—Ü–∏–∏
12:27 –í–∞—Å—Å–∞–ª –°–®–ê
13:05 GPT –ê–ª–∏—Å–∞
13:32 –ë–µ—Å—á–µ–ª–æ–≤–µ—á–Ω–æ—Å—Ç—å
14:43 –ò–¥–∏–æ—Ç—Å–∫–æ–µ —Ä–µ—à–µ–Ω–∏–µ
15:26 –î–∞–º–±–ª–¥–æ—Ä v3.0
16:27 –ì–¥–µ —á–µ—Å—Ç—å?
17:10 –°–Ω—è—Ç–∏–µ —Å–∞–Ω–∫—Ü–∏–π‚Ä®
19:48 –ü—Ä–æ—â–∞–π VPN?
20:49 –ü–æ—Ä–∞ –¥–æ–º–æ–π
21:41 –ú–∞–∫—Ä–æ–Ω —Ö–æ—á–µ—Ç –¥–∏–∞–ª–æ–≥–∞
21:55 –°–µ–≤–µ—Ä–æ–∫–æ—Ä–µ–π—Å–∫–∏–µ —Ö–∞–∫–µ—Ä—ã
22:51 AI –Ω–æ–≤–∞—è —Ä–µ–ª–∏–≥–∏—è?
23:13 –°—Ç—Ä–µ–ª–æ—á–∫–∞ –ø–æ–≤–µ—Ä–Ω—É–ª–∞—Å—å
23:22 –ö–∞–¥—ã—Ä–æ–≤ –∏ —Å—É–¥–µ–π—Å—Ç–≤–æ
23:37 –ß—Ç–æ —Ç–∞–º —É –ö–∞—Ü–∞?
25:05 –ë—Ä–µ–¥ —ç–∫–æ–Ω–æ–º–∏—Å—Ç–∞
27:34 –¢—Ä–∞–Ω—Å–≥–µ–Ω–¥–µ—Ä –Ω–∞—Å–∏–ª—å–Ω–∏–∫
27:48 –ü–ª–∞–Ω—ã –¢—Ä–∞–º–ø–∞ –Ω–∞ –ü–∞–ª–µ—Å—Ç–∏–Ω—É
28:44 –•–æ—Ç–µ–ª –∂–µ, –∫–∞–∫ –≤ 37...
29:25 –¢—É—Ä—Ü–∏—è –≤—Å–µ–º—É –≥–æ–ª–æ–≤–∞
30:13 –ù–µ –ø–æ–¥–µ–ª–∏–ª–∏...
31:29 –ê–Ω–æ—Ä–∞ –¥–ª—è –¥–µ–¥—É—à–µ–∫
31:56 –¢–∏—Ö–∏–π –ø–∞—Å—Å–∞–∂–∏—Ä
32:22 –ì–ª–∞–≤–Ω–æ–µ –Ω–µ —Å–¥–∞–≤–∞—Ç—å—Å—è!
32:34 –ö—É—Ä—Å–∫ –∑–∞ 3 –¥–Ω—è
34:18 –°–∏–≥–º–∞ –±–æ–π VS –£–∫—Ä–∞–∏–Ω–∞‚Ä®
35:20 –í–æ–ª–æ—Å–∞—Ç—ã–π —à–æ–∫–æ–ª–∞–¥
35:54 –ì—É—Ñ ‚Äî –≤—Å—ë?
36:20 –ú–∏—à–µ–ª—å –¢—Ä–∞—Ö—Ç–µ–Ω–±–µ—Ä–≥
36:47 –ë–∏—Ç–∫–æ–π–Ω –ø–∞–¥–∞–µ—Ç
36:56 –ú–æ–ª–∏—Ç–≤–∞ –¢—Ä–∞–º–ø–∞
37:06 –°–∞–Ω–∫—Ü–∏–∏ –¥–ª—è –ü–æ–∑–Ω–µ—Ä–∞
37:50 –°–Ω–∏–∫–µ—Ä—Å—ã –¥–æ—Ä–æ–∂–∞–ª–∏
38:21 –§–∏–Ω–∞–ª—å–Ω—ã–π —Å–µ–∑–æ–Ω ""–¢—ã""
38:53 –ó–∞–ø—Ä–µ—Ç –≥–æ–º–æ-—É—Å–∏–∫–æ–≤
39:06 Photoshop –Ω–∞ iOS
41:17 –õ–µ–≤–æ–µ –±–æ–ª–æ—Ç–æ
44:23 –°–í–û –ø—Ä–æ—Ç–∏–≤ –∑–∞–ø–∞–¥–∞
50:40 –ó–∞–ø—Ä–µ—Ç —Ä—É—Å—Å–∫–æ–π –º—É–∑—ã–∫–∏
52:13 –†–æ—Å—Å–∏–π—Å–∫–∏–µ —Å–µ—Ä–≤–∏—Å—ã –æ–±–æ—Å—Ä–∞–ª–∏—Å—å
55:05 –û–±—Ä–∞—â–µ–Ω–∏–µ –ü—É—Ç–∏–Ω–∞
57:22 –ù–µ —Å–≤–µ–∑–ª–æ, –Ω–µ —Ñ–∞—Ä—Ç–∞–Ω—É–ª–æ
01:00:23 –ü—Ä–∏—Å–µ—Å—Ç –Ω–∞ 8 –ª–µ—Ç
01:03:03 –°—Ä–æ–∫ –∑–∞ –ø–∏—Å—å–º–æ
01:04:15 –†–æ—Å—Å–∏–π—Å–∫–∏–µ –æ–ø–ø–æ–∑–∏—Ü–∏–æ–Ω–µ—Ä—ã
01:12:22 –°—É–±–æ –ª–∏—à–∏–ª–∏ –≥—Ä–∞–∂–¥–∞–Ω—Å—Ç–≤–∞
01:13:44 –ú–æ—Ä–≥–µ–Ω—à—Ç–µ—Ä–Ω –æ–±–µ–¥–Ω–µ–ª
01:17:17 –¢–∞–∫ –¥–∏–∫—Ç–∞—Ç–æ—Ä –∏–ª–∏ –Ω–µ—Ç?
01:17:57 –¢–∏–∫ —Ç–æ–∫ –í–µ—Ä–Ω–µ—Ç—Å—è?
01:19:01 –ü–æ—Ö–æ—Ä–æ–Ω—ã SKYPE
01:20:10 –¢–µ–ª–µ–≥—Ä–∞–º –±—É–¥–µ—Ç —Å–ª–∏–≤–∞—Ç—å –¥–∞–Ω–Ω—ã–µ
01:21:14 –õ–∞—Ç–≤–∏–π—Å–∫–∞—è —Ç—Ä—è—Å–∫–∞
01:23:42 –°–æ–µ–≤—ã–µ –ø—Ä–æ—Ç–µ—Å—Ç—ã
01:24:14 –ó–∞–ª—ë—Ç –ê–Ω—Ç–æ–Ω–æ–≤—Å–∫–æ–≥–æ
01:25:22 –†—É—Å—Å–∫–∏–µ –∏ –°–µ—Ä–±—ã ‚Äî –±—Ä–∞—Ç—å—è –Ω–∞–≤–µ–∫
01:25:59 –¢–µ—Ä–∞–∫—Ç –ø—Ä–æ—Ç–∏–≤ –º–∏—Ç—Ä–æ–ø–æ–ª–∏—Ç–∞
01:27:24 –õ–æ–≤—É—à–∫–∞ –¥–ª—è –ü—É—Ç–∏–Ω–∞
01:28:22 –ú–∏–∫—Ä–æ–∑–∞–π–º –î–µ–ø–∞—Ä–¥—å–µ
01:28:38 –°–∫–æ—Ä–µ–µ –±—ã –º–∏—Ä
01:36:34 –ó–µ–ª–µ–Ω—Å–∫–∏–π –∏ –¢—Ä–∞–º–ø",9871,99012,2025-03-01T22:11:01,–£–Ω–∏–∂–µ–Ω–∏–µ –≤ –ë–µ–ª–æ–º –î–æ–º–µ ‚Äî –ö–æ–Ω–µ—Ü –ó–µ–ª–µ–Ω—Å–∫–æ–≥–æ ‚Ññ136,https://rutube.ru/video/d4ab0806a6850f1095894bbefa3ab247/,21014334,268175,"–°–∞–º—ã–µ –∞–±—Å—É—Ä–¥–Ω—ã–µ –∏ –≤–µ—Å–µ–ª—ã–µ –Ω–æ–≤–æ—Å—Ç–∏ –∫—É–ª—å—Ç—É—Ä—ã, –ø–æ–ª–∏—Ç–∏–∫–∏ –∏ —Ç–µ—Ö–Ω–æ–ª–æ–≥–∏–π.  –°–æ—Ç—Ä—É–¥–Ω–∏—á–µ—Å—Ç–≤–æ ‚Äì ikakprosto.commercial@gmail.com –ú–æ–π –ë—É—Å—Ç–∏ ‚Äì https://boosty.to/ikakprosto –ú–æ–π –º–∞–≥–∞–∑–∏–Ω ‚Äì https://podsas.ru  –í–ö–æ–Ω—Ç–∞–∫—Ç–µ ‚Äì https://vk.com/ikakprosto –ù–∞ –†—É—Ç—É–±–µ ‚Äì https://rutube.ru/channel/21014334/ –¢–µ–ª–µ–≥—Ä–∞–º ‚Äì https://t.me/ikakprosto –í –î–∑–µ–Ω–µ ‚Äì https://dzen.ru/ikakprosto –ê—É–¥–∏–æ–≤–µ—Ä—Å–∏—è ‚Äì https://band.link/ikakprosto",251,https://rutube.ru/video/d4ab0806a6850f1095894bbefa3ab247/,15839.0,874.0
18,23463954,–¢–µ–ª–µ–∫–∞–Ω–∞–ª –¢–ù–¢,–¢–µ–ª–µ–ø–µ—Ä–µ–¥–∞—á–∏,"–í–æ–∑–≤—Ä–∞—â–µ–Ω–∏–µ –ø–æ–ª—é–±–∏–≤—à–µ–π—Å—è –∑—Ä–∏—Ç–µ–ª—è–º –ø—Ä–æ–≥—Ä–∞–º–º—ã, –≥–¥–µ –∏–∑–≤–µ—Å—Ç–Ω—ã–µ –º—É–∑—ã–∫–∞–Ω—Ç—ã –¥–∞—é—Ç –≤—Ç–æ—Ä–æ–µ –¥—ã—Ö–∞–Ω–∏–µ –Ω–µ–∏–∑–≤–µ—Å—Ç–Ω—ã–º –∏–Ω—Ç–µ—Ä–Ω–µ—Ç-—Ö–∏—Ç–∞–º. –®–æ—É ¬´–ö–æ–Ω—Ñ–µ—Ç–∫–∞¬ª —Å–æ–±–∏—Ä–∞–µ—Ç –Ω–µ–ø—Ä–æ—Ñ–µ—Å—Å–∏–æ–Ω–∞–ª—å–Ω—ã—Ö –º—É–∑—ã–∫–∞–Ω—Ç–æ–≤ –∏ –ø–æ–º–æ–≥–∞–µ—Ç –∏—Ö –ø–æ–∫–∞ –µ—â—ë –Ω–µ –ø—Ä–∏–∑–Ω–∞–Ω–Ω—ã–º —à–µ–¥–µ–≤—Ä–∞–º –ø–æ-–Ω–∞—Å—Ç–æ—è—â–µ–º—É –∑–∞–∑–≤—É—á–∞—Ç—å. –ù–æ–≤–æ–µ –º—É–∑—ã–∫–∞–ª—å–Ω–æ–µ —Å–æ–ø—Ä–æ–≤–æ–∂–¥–µ–Ω–∏–µ, –ø—Ä–æ—Ñ–µ—Å—Å–∏–æ–Ω–∞–ª—å–Ω–∞—è –∑–∞–ø–∏—Å—å –∏ –∑–≤—ë–∑–¥–Ω—ã–µ –∏—Å–ø–æ–ª–Ω–∏—Ç–µ–ª–∏ –ø—Ä–µ–≤—Ä–∞—Ç—è—Ç –ª—é–±—É—é –ø–µ—Å–Ω—é  –≤ –Ω–∞—Å—Ç–æ—è—â—É—é ¬´–∫–æ–Ω—Ñ–µ—Ç–∫—É¬ª.",6636,199258,2025-03-01T23:30:08,"–ö–æ–Ω—Ñ–µ—Ç–∫–∞, 3 —Å–µ–∑–æ–Ω, 8 –≤—ã–ø—É—Å–∫",https://rutube.ru/video/bc279a96383d2131178ce6faa9968d12/,23463954,932560,–û—Ñ–∏—Ü–∏–∞–ª—å–Ω—ã–π –∞–∫–∫–∞—É–Ω—Ç —Ç–µ–ª–µ–∫–∞–Ω–∞–ª–∞ –¢–ù–¢ –†–µ–≥–∏—Å—Ç—Ä–∞—Ü–∏—è –≤ –†–ö–ù: https://www.gosuslugi.ru/snet/67ad40513687544fb531d928,3320,,,
19,23492116,–î–º–∏—Ç—Ä–∏–π –ü—É—á–∫–æ–≤,–ù–æ–≤–æ—Å—Ç–∏ –∏ –°–ú–ò,"–í –Ω–∞—á–∞–ª–µ –¥–æ—Å–∞–¥–Ω–∞—è –æ–≥–æ–≤–æ—Ä–∫–∞, –°–í–û –Ω–∞—á–∞–ª–∞—Å—å –≤ 2022 –≥–æ–¥—É.

–ê—É–¥–∏–æ–≤–µ—Ä—Å–∏—è: https://oper.ru/video/getaudio/goblin_news_139.mp3

–ü–ª–µ–π–ª–∏—Å—Ç: https://rutube.ru/plst/199475",1459,71187,2025-03-01T15:59:11,"Goblin News 139: –Ω–µ–º–µ—Ü–∫–∏–µ –≤—ã–±–æ—Ä—ã, –¥–æ–ª–≥–∏ –£–∫—Ä–∞–∏–Ω—ã, –∫–æ—Ä—Ä—É–ø—Ü–∏—è –≤ –°–®–ê",https://rutube.ru/video/1b59776d3e915ee79bf81b884b78eaea/,23492116,508980,"–î–º–∏—Ç—Ä–∏–π Goblin –ü—É—á–∫–æ–≤ - –æ—Ñ–∏—Ü–∏–∞–ª—å–Ω—ã–π –∫–∞–Ω–∞–ª –Ω–∞ Rutube.  –°–∏–Ω–∏–π –§–∏–ª, –û–ø–µ—Ä–≥–µ–π–º–µ—Ä, Goblin News, –†–∞–∑–≤–µ–¥–æ–ø—Ä–æ—Å, –í —Ü–µ–ø–∫–∏—Ö –ª–∞–ø–∞—Ö, –ö–∞–±–∞40–∫.  –ù–æ–º–µ—Ä –∑–∞—è–≤–ª–µ–Ω–∏—è —Ä–µ–≥–∏—Å—Ç—Ä–∞—Ü–∏–∏ –≤ –†–æ—Å–∫–æ–º–Ω–∞–¥–∑–æ—Ä–µ: ‚Ññ4939032013.",2559,https://rutube.ru/video/1b59776d3e915ee79bf81b884b78eaea/,8846.0,386.0
20,818870,AcademeG –ö–æ–Ω—Å—Ç–∞–Ω—Ç–∏–Ω –ó–∞—Ä—É—Ü–∫–∏–π –ê–∫–∞–¥–µ–º–∏–∫ –ê–∫–∞–¥–µ–º–µ–≥,–ê–≤—Ç–æ-–º–æ—Ç–æ,"–û–±–Ω–æ–≤–ª—è–π—Ç–µ –ø—Ä–∏–ª–æ–∂–µ–Ω–∏–µ –¢-–ë–∞–Ω–∫–∞, –≤—Å–µ –¥–ª—è –≤–∞—à–µ–≥–æ –ê–≤—Ç–æ —Ç–µ–ø–µ—Ä—å –≤ –æ–¥–Ω–æ–º —Ä–∞–∑–¥–µ–ª–µ ‚Äî https://l.tbank.ru/acadamegrtfeb

*–ö—É–ø–∏—Ç—å –Ω–∞–±–æ—Ä –¥–ª—è —Å–æ–∑–¥–∞–Ω–∏—è –∫–∞—Ä—Ç–∏–Ω—ã –Ω–∏—Ç—å—é RingString:* https://ringstring.ru/?utm_source=academeg&utm_medium=0225_2 
*–ü—Ä–æ–º–æ–∫–æ–¥: ""ACADEMEG"" - —Å–∫–∏–¥–∫–∞ 15% –Ω–∞ –≤–µ—Å—å –∑–∞–∫–∞–∑* 
*–°–æ–∑–¥–∞–π —Å–≤–æ–π —à–µ–¥–µ–≤—Ä –Ω–∏—Ç—å—é –∏–∑ —Ñ–æ—Ç–æ –ø–æ–¥ —Ä–∞—Å—Å–ª–∞–±–ª—è—é—â—É—é –∏–Ω—Å—Ç—Ä—É–∫—Ü–∏—é*

–ú—É–∑—ã–∫–∞:
FREE FLOW FLAVA - Invasion
Free Flow Flava - Avalanche
Damma Beatz - Lights from Below
–°–º–µ—à–∞—Ä–∏–∫–∏ - –¢–µ–º–∞ –ø–æ–≥–æ–Ω–∏(remix by dmityai)
BLUE STEEL - EMBASSY
FREE FLOW FLAVA - Fury
NKOHA - Twilight Shinobi

–¢–µ–ª–µ–≥—Ä–∞–º –ö–∞–Ω–∞–ª
https://t.me/academeg_true_original
–ö–∞–Ω–∞–ª —Å –®–û–†–¢–°–ê–ú–ò
https://www.youtube.com/channel/UCOz273vVx0_3IdqfTYIJNYQ
–Ø.–î–∑–µ–Ω
https://zen.yandex.ru/academeg
Rutube
https://rutube.ru/channel/818870/
–ü–û –≤–æ–ø—Ä–æ—Å–∞–º —Ä–µ–∫–ª–∞–º—ã –∏ —Å–æ—Ç—Ä—É–¥–Ω–∏—á–µ—Å—Ç–≤–∞:
academeg@a-proved.ru
–ú–æ–π –∫–∞–Ω–∞–ª —Å—Ç—Ä–∏–º–æ–≤:
https://www.youtube.com/c/AcademeGDailyStream
Instagram:
https://instagram.com/academeg
–í–∫–æ–Ω—Ç–∞–∫—Ç:
http://vk.com/AcademeG
AcademeG —Ç—Ä—É –æ—Ä–∏–¥–∂–∏–Ω–∞–ª –≥—Ä—É–ø–ø:
http://vk.com/academeg_reviews
–§—Ç–∞—Ä–æ–π –∫–∞–Ω–∞–ª:
https://www.youtube.com/user/AcademeG2ndCh
TikTok
https://www.tiktok.com/@academeg.official
–ê–≤—Ç–æ—Ö–∏–º–∏—è Suprotec-Aprohim:
https://suprotec.ru/",2348,39198,2025-02-28T21:06:11,–§–£–ù–î–ê–ú–ï–ù–¢ –û–¢–ï–ß–ï–°–¢–í–ï–ù–ù–û–ì–û –ê–í–¢–û–°–ü–û–†–¢–ê. –ü–û–î–ì–û–¢–û–í–õ–ï–ù–ù–ê–Ø –ñ–ò–ì–ê.,https://rutube.ru/video/ccc36512c37f1afec4803a542eddc25a/,818870,168118,–û—Ñ–∏—Ü–∏–∞–ª—å–Ω—ã–π –∫–∞–Ω–∞–ª AcademeG #academeg #–∞–∫–∞–¥–µ–º–∏–∫ #–∞–∫–∞–¥–µ–º–µ–≥  –ü–µ—Ä–µ—á–µ–Ω—å –∑–∞—Ä–µ–≥–∏—Å—Ç—Ä–∏—Ä–æ–≤–∞–Ω–Ω—ã—Ö –ø–µ—Ä—Å–æ–Ω–∞–ª—å–Ω—ã—Ö —Å—Ç—Ä–∞–Ω–∏—Ü –∏ –∫–∞–Ω–∞–ª–æ–≤ https://www.gosuslugi.ru/snet/67af1a9a3687544fb545b22c,241,https://rutube.ru/video/ccc36512c37f1afec4803a542eddc25a/,1854.0,95.0
21,29745509,–î–º–∏—Ç—Ä–∏–π –í–∞—Å–∏–ª–µ—Ü,–ü–æ–ª–∏—Ç–∏–∫–∞,"–ú–æ–π –¢–ï–õ–ï–ì–†–ê–ú –∫–∞–Ω–∞–ª:  https://t.me/VasiletsDmitriy

–Ø–Ω–¥–µ–∫—Å –î–∑–µ–Ω: https://dzen.ru/dmitriivasilec_official",730,92818,2025-03-01T22:13:44,–í –õ–æ–Ω–¥–æ–Ω–µ –ó–µ–ª–µ–Ω—Å–∫–æ–º—É –≤—ã–¥–∞–ª–∏ –Ω–æ–≤—ã–µ –∏–Ω—Å—Ç—Ä—É–∫—Ü–∏–∏,https://rutube.ru/video/49007d7e7123098d5b1ec12d84cddc7f/,29745509,179250,"–î–º–∏—Ç—Ä–∏–π –í–∞—Å–∏–ª–µ—Ü - —É–∫—Ä–∞–∏–Ω—Å–∫–∏–π –ø–æ–ª–∏—Ç–∏–∫, –≥–ª–∞–≤–∞ –ø–æ–ª–∏—Ç–∏—á–µ—Å–∫–æ–π –ø–∞—Ä—Ç–∏–∏ ""–î–µ—Ä–∂–∞–≤–∞"".  –ü–æ –≤–µ—Ä—Å–∏–∏ –°–ë–£, —è –∏–Ω—Ñ–æ—Ä–º–∞—Ü–∏–æ–Ω–Ω—ã–π —Ç–µ—Ä—Ä–æ—Ä–∏—Å—Ç. –ü–æ—Å–ª–µ –º–æ–µ–≥–æ –∞—Ä–µ—Å—Ç–∞ –≤ 2015 –≥–æ–¥—É —Ä–µ–∂–∏–º–æ–º –ü–æ—Ä–æ—à–µ–Ω–∫–∞, –º–Ω–µ –¥–∞–ª–∏ –ø–æ —Å—Ñ–∞–±—Ä–∏–∫–æ–≤–∞–Ω–Ω–æ–º—É –°–ë–£ –¥–µ–ª—É 9 –ª–µ—Ç –∑–∞ —è–∫–æ–±—ã –Ω–∞—Å—Ç—Ä–æ–π–∫—É –Æ—Ç—É–± –∫–∞–Ω–∞–ª–∞. –ù–æ –ø–æ—Å–ª–µ –æ–±—â–µ—Å—Ç–≤–µ–Ω–Ω–æ–≥–æ —Ä–µ–∑–æ–Ω–∞–Ω—Å–∞, —Å–ø—É—Å—Ç—è 820 –¥–Ω–µ–π —Ç—é—Ä—å–º—ã, –ø—Ä–∏–≥–æ–≤–æ—Ä –≤ 9 –ª–µ—Ç –æ—Ç–º–µ–Ω–∏–ª–∏, –¥–µ–ª–æ –ø—Ä–∏–∑–Ω–∞–ª–∏ —Ñ–µ–π–∫–æ–≤—ã–º, –∞ –º–µ–Ω—è –≤—ã–ø—É—Å—Ç–∏–ª–∏ –Ω–∞ —Å–≤–æ–±–æ–¥—É –≤ —Ñ–µ–≤—Ä–∞–ª–µ 2018-–≥–æ, –Ω–æ –¥–µ–ª–æ –Ω–µ –∑–∞–∫—Ä—ã–ª–∏. –¢–µ–ø–µ—Ä—å —è –Ω–∞—Å—Ç—Ä–æ–∏–ª —Å–≤–æ–π –†—É—Ç—É–± –∫–∞–Ω–∞–ª –∏ –¥–∞–∂–µ —Ç–µ–ª–µ–≥—Ä–∞–º–º –∫–∞–Ω–∞–ª, –∏ –≤–º–µ—Å—Ç–µ —Å —Å–æ—Ä–∞—Ç–Ω–∏–∫–∞–º–∏ –∑–∞–Ω–∏–º–∞—é—Å—å –≤–æ—Å—Å–æ–µ–¥–∏–Ω–µ–Ω–∏–µ–º –±—Ä–∞—Ç—Å–∫–∏—Ö –Ω–∞—Ä–æ–¥–æ–≤ –∏ —É–Ω–∏—á—Ç–æ–∂–µ–Ω–∏–µ–º –ø—Ä–æ–ù–ê–¢–û–≤—Å–∫–æ–≥–æ —Ä–µ–∂–∏–º–∞ –ó–µ–ª–µ–Ω—Å–∫–æ–≥–æ.  ‚Ññ4778431966 –¢–ï–õ–ï–ì–†–ê–ú–ú –∫–∞–Ω–∞–ª: https://t.me/VasiletsDmitriy –Ø–Ω–¥–µ–∫—Å-–î–∑–µ–Ω (–æ—Ñ–∏—Ü–∏–∞–ª—å–Ω—ã–π –∫–∞–Ω–∞–ª): https://dzen.ru/dmitriivasilec_official",835,https://rutube.ru/video/49007d7e7123098d5b1ec12d84cddc7f/,8272.0,486.0
22,27141608,–†—É–ê–Ω–∏–º–µ,–¢–µ–ª–µ–ø–µ—Ä–µ–¥–∞—á–∏,,1149,75031,2025-03-01T20:00:26,"–ü—É—Ç–µ—à–µ—Å—Ç–≤–∏–µ –∫ –±–µ—Å—Å–º–µ—Ä—Ç–∏—é, 132 —Å–µ—Ä–∏—è",https://rutube.ru/video/faea31753fc85c30b861cb04d4c4c942/,27141608,653382,"–†–µ–≥–∏—Å—Ç—Ä–∞—Ü–∏—è –≤ –ø–µ—Ä–µ—á–Ω–µ –≤–ª–∞–¥–µ–ª—å—Ü–µ–≤ —Å—Ç—Ä–∞–Ω–∏—Ü –≤ —Å–æ—Ü—Å–µ—Ç—è—Ö: https://knd.gov.ru/license?id=6789352c8f8bd4206f8c410c&registryType=bloggersPermission  –†—É–ê–Ω–∏–º–µ - –æ—Ñ–∏—Ü–∏–∞–ª—å–Ω—ã–π –ø—Ä–æ–µ–∫—Ç, –ø–æ—Å–≤—è—â–µ–Ω–Ω—ã–π –ê–Ω–∏–º–µ, –ú–∞–Ω–≥–∏, –î–æ—Ä–∞–º–∞–º –∏ –î—É–Ω—Ö—É–∞ –≤ –†–æ—Å—Å–∏–∏. –õ—É—á—à–µ–µ –∏–∑ –ê–∑–∏–∏ —Å –ª—é–±–æ–≤—å—é! –ü—Ä–æ—Ñ–µ—Å—Å–∏–æ–Ω–∞–ª—å–Ω—ã–µ –∞–∫—Ç–µ—Ä—ã, –∑–Ω–∞–∫–æ–º—ã–µ –≥–æ–ª–æ—Å–∞, —É–≤–µ—Ä–µ–Ω–Ω–æ–µ –∫–∞—á–µ—Å—Ç–≤–æ –ø–µ—Ä–µ–≤–æ–¥–∞ –∏ –Ω–∞—à–∏ –ø–µ—Ä–≤—ã–µ —Ç–∞–π—Ç–ª—ã —É–∂–µ –∂–¥—É—Ç –≤–∞—Å! –ü—Ä–∏—Å–æ–µ–¥–∏–Ω—è–π—Ç–µ—Å—å!",2738,https://rutube.ru/video/faea31753fc85c30b861cb04d4c4c942/,502.0,108.0
23,27157194,–ù–∞–∏–∑–Ω–∞–Ω–∫—É,–†–∞–∑–≤–ª–µ—á–µ–Ω–∏—è,"–¢—Ä–∞–º–ø–∏ —Ä–∞–∑–±—É—à–µ–≤–∞–ª—Å—è.

–ü–æ–Ω—Ä–∞–≤–∏–ª—Å—è –≤–∏–¥–æ—Å? –ü–æ–¥–¥–µ—Ä–∂–∏ –∞–º–∏–≥–æ ‚§µÔ∏è 
üéÅ–ü—Ä—è–º–æ–π –ø–µ—Ä–µ–≤–æ–¥ –Ω–∞ –∫–∞—Ä—Ç—É üí≥ –ê–ª—å—Ñ–∞-–ë–∞–Ω–∫–∞ –†–§:
2200 1502 2405 9680
üéÅ DonationAlerts  –î–æ–Ω–∞—Ç–∏–∫–∏ —Å –ª—é–±—ã—Ö –∫–∞—Ä—Ç –∏ —Å—Ç—Ä–∞–Ω:
https://www.donationalerts.com/r/spaininside
üéÅ –ü–æ–¥–ø–∏—Å–∫–∞ –Ω–∞ Boosty –∏ —Ä–∞–Ω–Ω–∏–π –¥–æ—Å—Ç—É–ø.
Boosty: https://boosty.to/insideout

üíæ –†–µ—Å—É—Ä—Å—ã: 
Boosty: https://boosty.to/insideout
Rutube: https://rutube.ru/u/naiznanku
–î–∑–µ–Ω: https://dzen.ru/yanaiznanku
–¢–µ–ø–µ—Ä—å –º–æ–π –∫–æ–Ω—Ç–µ–Ω—Ç –≤ VK –í–∏–¥–µ–æ: https://vk.com/amigonaiznanku
YouTube: https://www.youtube.com/@naiznanku
Telegram: https://t.me/realspaininsideout
 
üì® –ü–æ —Ä–µ–∫–ª–∞–º–µ  ispania@surfluence.com

 #–ø–æ–ª–∏—Ç–∏–∫–∞, #—Å–∫–∞–Ω–¥–∞–ª—ã, #—é–º–æ—Ä
–¢–†–ê–ú–ü –î–û–ë–ò–í–ê–ï–¢ –ï–í–†–û–ü–£ –ò–õ–ò –•–†–û–ù–ò–ö–ò –ê–ë–°–£–†–î–ê –°–û–í–†–ï–ú–ï–ù–ù–û–°–¢–ò
–ò—Å–ø–∞–Ω–∏—è –ù–∞–∏–∑–Ω–∞–Ω–∫—É.",330,26121,2025-03-01T10:00:42,–¢–†–ê–ú–ü –î–û–ë–ò–í–ê–ï–¢ –ï–í–†–û–ü–£ –ò–õ–ò –•–†–û–ù–ò–ö–ò –ê–ë–°–£–†–î–ê –°–û–í–†–ï–ú–ï–ù–ù–û–°–¢–ò,https://rutube.ru/video/7ffc9c4ed54f3eefb79cc60d20e1a67e/,27157194,45950,"–¢–æ—Ç —Å–∞–º—ã–π –ù–∞–∏–∑–Ω–∞–Ω–∫—É, —Ç–æ—Ç —Å–∞–º—ã–π Hola Amigos –ù–æ–≤–æ—Å—Ç–∏ —á–µ—Ä–µ–∑ –ø—Ä–∏–∑–º—É –•–∞–æ—Å–∞ —ç—Ç–æ–≥–æ –º–∏—Ä–∞! –°–ª–æ–∂–Ω–æ –æ –ø—Ä–æ—Å—Ç–æ–º! –° —é–º–æ—Ä–æ–º –æ –≥—Ä—É—Å—Ç–Ω–æ–º!  Youtube: https://www.youtube.com/channel/UCA3jR3BQqsELA-78mLWUVAQ –î–∑–µ–Ω: https://dzen.ru/id/609aecae452a9b727ab2f57d  –ü–æ —Å–æ—Ç—Ä—É–¥–Ω–∏—á–µ—Å—Ç–≤—É –∏ —Ä–µ–∫–ª–∞–º–µ  ispania@surfluence.com  –†–ö–ù: https://knd.gov.ru/license?id=673b351e340096358baed058&registryType=bloggersPermission",1092,https://rutube.ru/video/7ffc9c4ed54f3eefb79cc60d20e1a67e/,3631.0,136.0
24,23463954,–¢–µ–ª–µ–∫–∞–Ω–∞–ª –¢–ù–¢,–¢–µ–ª–µ–ø–µ—Ä–µ–¥–∞—á–∏,"–ù–æ–≤—ã–π —é–º–æ—Ä–∏—Å—Ç–∏—á–µ—Å–∫–∏–π –ø—Ä–æ–µ–∫—Ç, –≤ –∫–æ—Ç–æ—Ä–æ–º –∫–æ–º–∏–∫–∏ –±—Ä–æ—Å—è—Ç –≤—ã–∑–æ–≤ —Ñ–æ—Ä—Ç—É–Ω–µ —é–º–æ—Ä–∞, —á—Ç–æ–±—ã –ø–æ–π–º–∞—Ç—å –∑–∞ —Ö–≤–æ—Å—Ç –¥–µ–Ω–µ–∂–Ω—ã–π –ø—Ä–∏–∑. –ì–ª–∞–≤–Ω—ã–π ¬´—Ç–æ–∫—Å–∏–∫¬ª —é–º–æ—Ä–∏—Å—Ç–∏—á–µ—Å–∫–æ–π —Å—Ü–µ–Ω—ã –ò–ª—å—è –°–æ–±–æ–ª–µ–≤ –¥–∞—Å—Ç —É—á–∞—Å—Ç–Ω–∏–∫–∞–º –≤–æ–∑–º–æ–∂–Ω–æ—Å—Ç—å",2927,43582,2025-03-01T00:00:15,"–°—Ç–µ–Ω–¥–∞–ø —Ä—É–ª–µ—Ç–∫–∞, 1 —Å–µ–∑–æ–Ω, 8 –≤—ã–ø—É—Å–∫",https://rutube.ru/video/ba8e93785bfc73ae2efb0a3d5872ce44/,23463954,932560,–û—Ñ–∏—Ü–∏–∞–ª—å–Ω—ã–π –∞–∫–∫–∞—É–Ω—Ç —Ç–µ–ª–µ–∫–∞–Ω–∞–ª–∞ –¢–ù–¢ –†–µ–≥–∏—Å—Ç—Ä–∞—Ü–∏—è –≤ –†–ö–ù: https://www.gosuslugi.ru/snet/67ad40513687544fb531d928,3320,https://rutube.ru/video/ba8e93785bfc73ae2efb0a3d5872ce44/,122.0,30.0
25,23340006,–ò–ó–û–õ–ï–ù–¢–ê live,–ù–æ–≤–æ—Å—Ç–∏ –∏ –°–ú–ò,"–ü–æ–¥–ø–∏—à–∏—Å—å –Ω–∞ ¬´–ò–∑–æ–ª–µ–Ω—Ç–∞Live¬ª: https://t.me/izolentalive
–∏ ¬´–ò–∑–æ–ª–µ–Ω—Ç–∞+¬ª:
https://t.me/tribute/app?startapp=sr3

https://donate.stream/izolentalive

–∫–∞–Ω–∞–ª –ú—É–∂–∏–∫–∏ –Ω–∞ –ö—É—Ö–Ω–µ: https://t.me/tribute/app?startapp=si76

–í–Ω–∏–º–∞–Ω–∏–µ!! –ù–æ–≤—ã–π –ø—Ä–æ–µ–∫—Ç –ò–∑–æ–ª–µ–Ω—Ç—ã –∏ –ò–∑–æ–ª–µ–Ω—Ç—ã+ –≤ –∫–æ—Ç–æ—Ä–æ–º –º–æ–∂–µ—Ç —É—á–∞—Å—Ç–≤–æ–≤–∞—Ç—å –∫–∞–∂–¥—ã–π!  –ü–∏—à–∏—Ç–µ –±–æ—Ç—É https://t.me/IzoTalkBot

11:00 –≤ –ø—Ä—è–º–æ–º —ç—Ñ–∏—Ä–µ:
–ü—ë—Ç—Ä –õ–∏–¥–æ–≤ https://t.me/pvsgns, 
–ö–æ–Ω—Å—Ç–∞–Ω—Ç–∏–Ω –ü—Ä–∏–¥—ã–±–∞–π–ª–æ https://t.me/pridybaylo_k, 
–ê–ª–µ–∫—Å–∞–Ω–¥—Ä –¶—ã–ø–∫–∏–Ω https://t.me/tsypkintherealone, 
–ê–Ω—Ç–æ–Ω –ú–æ—Ä–æ–∑–µ–Ω–∫–æ https://vk.com/id1630165",5040,30019,2025-03-01T10:59:53,–ò–ó–û–õ–ï–ù–¢–ê Live #1751 | 1.03.25,https://rutube.ru/video/06b8737681e00337a50cf7686377d1ef/,23340006,141843,"–ü–æ–¥–ø–∏—à–∏—Å—å –Ω–∞ –Ω–∞—à –∫–∞–Ω–∞–ª, —á—Ç–æ–±—ã –µ–∂–µ–¥–Ω–µ–≤–Ω–æ —Å–ª—É—à–∞—Ç—å —Å–∞–º—ã—Ö –∏–Ω—Ç–µ—Ä–µ—Å–Ω—ã—Ö –≥–æ—Å—Ç–µ–π –ø–æ —Å–∞–º—ã–º –≤–∞–∂–Ω—ã–º —Ç–µ–º–∞–º.  –ú—ã –≤—ã—Ö–æ–¥–∏–º –≤ —ç—Ñ–∏—Ä –∫–∞–∂–¥—ã–π –¥–µ–Ω—å –±–µ–∑ –≤—ã—Ö–æ–¥–Ω—ã—Ö –∏ –ø—Ä–∞–∑–¥–Ω–∏–∫–æ–≤.  –ù–∞—à–∏ —Ä–µ–∑–∏–¥–µ–Ω—Ç—ã: –î–º–∏—Ç—Ä–∏–π Goblin –ü—É—á–∫–æ–≤, –ê–ª–µ–∫—Å–∞–Ω–¥—Ä –¶—ã–ø–∫–∏–Ω, –ê–Ω–∞—Ç–æ–ª–∏–π –ö—É–∑–∏—á–µ–≤, –¢–∏–≥—Ä–∞–Ω –ö–µ–æ—Å–∞—è–Ω, –ö–∏—Ä–∞ –°–∞–∑–æ–Ω–æ–≤–∞, –ê–Ω–¥—Ä–µ–π –ë–µ–∑—Ä—É–∫–æ–≤ –∏ –¥—Ä—É–≥–∏–µ.  –ù–∞—à–∏ –≥–æ—Å—Ç–∏: –ú–∞—Ä–∏—è –ó–∞—Ö–∞—Ä–æ–≤–∞, –ö–ª–∏–º –ñ—É–∫–æ–≤, –ï–≥–æ—Ä –Ø–∫–æ–≤–ª–µ–≤, –ê–Ω–∞—Ç–æ–ª–∏–π –í–∞—Å—Å–µ—Ä–º–∞–Ω, –í–ª–∞–¥–∏–º–∏—Ä –ö–æ—Ä–Ω–∏–ª–æ–≤, –ú–∞—Ä–∏—è –ë—É—Ç–∏–Ω–∞, –ú–∞—Ä—å—è–Ω–∞ –ù–∞—É–º–æ–≤–∞ –∏ –µ—â–µ –±–æ–ª–µ–µ 200 –∏–Ω—Ç–µ—Ä–µ—Å–Ω–µ–π—à–∏—Ö –ª—é–¥–µ–π.  –ü–æ–¥–ø–∏—Å–∞–≤—à–∏—Å—å –Ω–∞ –Ω–∞—Å –∏ —É—á–∞—Å—Ç–≤—É—è –≤ –Ω–∞—à–∏—Ö –ø—Ä—è–º—ã—Ö —ç—Ñ–∏—Ä–∞—Ö, —Ç—ã —Å–º–æ–∂–µ—à—å –∑–∞–¥–∞—Ç—å –∏–º –ª—é–±—ã–µ –≤–æ–ø—Ä–æ—Å—ã, –¥–∞–∂–µ —Ç–µ, –∫–æ—Ç–æ—Ä—ã–µ –Ω–∏–≥–¥–µ –Ω–µ –æ–∑–≤—É—á–∏–≤–∞—é—Ç.  –£—á–∞—Å—Ç–≤—É—è –≤ –Ω–∞—à–∏—Ö —ç—Ñ–∏—Ä–∞—Ö —Ç—ã —Å–º–æ–∂–µ—à—å –ø–æ–¥–¥–µ—Ä–∂–∞—Ç—å –±–ª–∞–≥–æ—Ä–æ–¥–Ω—É—é –º–∏—Å—Å–∏—é –∫–æ—Ä–º–ª–µ–Ω–∏—è –∏ –ø–æ–º–æ—â–∏ –±–µ–∑–¥–æ–º–Ω—ã–º, –∫–æ—Ç–æ—Ä—É—é –Ω–∞—à –∫–∞–Ω–∞–ª –≤–∑—è–ª –Ω–∞ —Å–µ–±—è –∏ –∏—Å–ø–æ–ª–Ω—è–µ—Ç –≤ –∂–∞—Ä—É –∏ –º–æ—Ä–æ–∑. –ú–Ω–æ–≥–∏–µ –Ω–∞—à–∏ –∑—Ä–∏—Ç–µ–ª–∏ —Å—Ç–∞–ª–∏ –ª–∏—á–Ω–æ —É—á–∞—Å—Ç–≤–æ–≤–∞—Ç—å –≤ –Ω–∞—à–∏—Ö –∞–∫—Ü–∏—è—Ö –¥–æ–±—Ä–∞.  –ü–æ–¥–ø–∏—à–∏—Å—å! –ù–∞—à –¢–µ–ª–µ–≥—Ä–∞–º-–∫–∞–Ω–∞–ª: t.me/izolentalive  –¢—Ä–æ—Ñ–∏–º –¢–∞—Ç–∞—Ä–µ–Ω–∫–æ–≤: https://t.me/NeBrigada –ü—ë—Ç—Ä –õ–∏–¥–æ–≤: https://t.me/pvsgns  –ü—Ä–∞–≤–æ–æ–±–ª–∞–¥–∞—Ç–µ–ª–µ–º –∫–æ–Ω—Ç–µ–Ω—Ç–∞ –Ω–∞ –∫–∞–Ω–∞–ª–µ —è–≤–ª—è–µ—Ç—Å—è –ò–ü –ë—É–ª–∞–≤—Å–∫–∞—è –û.–í. ‚Ññ 4893377528",3886,https://rutube.ru/video/06b8737681e00337a50cf7686377d1ef/,2432.0,219.0
26,32311072,–ú–ò–ù–ê–ï–í LIVE,–ö—É–ª—å—Ç—É—Ä–∞,"–î–∏–Ω–∞—Å—Ç–∏—è –î—é–ø–æ–Ω–æ–≤ ‚Äì –æ–¥–Ω–∞ –∏–∑ –±–æ–≥–∞—Ç–µ–π—à–∏—Ö —Å–µ–º–µ–π –°–®–ê, –ø—Ä–æ–º—ã—à–ª–µ–Ω–Ω–∏–∫–∏, —Ä–∞–∑–±–æ–≥–∞—Ç–µ–≤—à–∏–µ –Ω–∞ –ø—Ä–æ–¥–∞–∂–µ –ø–æ—Ä–æ—Ö–∞. –°—É–¥—å–±–∞ –∫–ª–∞–Ω–∞ —Å–∫–ª–∞–¥—ã–≤–∞–ª–∞—Å—å –ø–æ–¥ –≤–ª–∏—è–Ω–∏–µ–º —Ç–∞–∫–∏—Ö –∏—Å—Ç–æ—Ä–∏—á–µ—Å–∫–∏—Ö —Å–æ–±—ã—Ç–∏–π, –∫–∞–∫ –í–µ–ª–∏–∫–∞—è –§—Ä–∞–Ω—Ü—É–∑—Å–∫–∞—è —Ä–µ–≤–æ–ª—é—Ü–∏—è –∏ –ì—Ä–∞–∂–¥–∞–Ω—Å–∫–∞—è –≤–æ–π–Ω–∞ –≤ –°–®–ê, –∞ –ü–µ—Ä–≤–∞—è –º–∏—Ä–æ–≤–∞—è –≤–æ–π–Ω–∞ –∑–∞–∫—Ä–µ–ø–∏–ª–∞ –∏—Ö –ø–æ–∑–∏—Ü–∏–∏ –Ω–∞ —Ä—ã–Ω–∫–µ –ø–æ—Ä–æ—Ö–∞. –°—Ä–µ–¥–∏ –∏–∑–æ–±—Ä–µ—Ç–µ–Ω–∏–π –î—é–ø–æ–Ω–æ–≤ ‚Äì –Ω–µ–π–ª–æ–Ω, –Ω–µ–æ–ø—Ä–µ–Ω –∏ —Ç–µ—Ñ–ª–æ–Ω. –ü–æ—Å–ª–µ–¥–Ω–∏–π –≤—ã–∑–≤–∞–ª –≥—Ä–æ–º–∫–æ–µ —Å—É–¥–µ–±–Ω–æ–µ —Ä–∞–∑–±–∏—Ä–∞—Ç–µ–ª—å—Å—Ç–≤–æ —Å —Ö–∏–º–∏—á–µ—Å–∫–∏–º –ø—Ä–æ–∏–∑–≤–æ–¥—Å—Ç–≤–æ–º –∏ –≤–æ—à—ë–ª –≤ –∏—Å—Ç–æ—Ä–∏—é –∫–∞–∫ ¬´–¢–µ—Ñ–ª–æ–Ω–æ–≤—ã–π –ø—Ä–æ—Ü–µ—Å—Å¬ª.

–ü–æ—á–µ–º—É –î—é–ø–æ–Ω—ã –ø–æ–∫–∏–Ω—É–ª–∏ –§—Ä–∞–Ω—Ü–∏—é? –ß–µ–º –∑–Ω–∞–º–µ–Ω–∏—Ç –∏—Ö –∫–ª–∞–Ω? –ß—Ç–æ —Å—Ç–∞–ª–æ —Å –∫–æ–º–ø–∞–Ω–∏–µ–π DuPont? –ö–∞–∫ –¢–æ–º–∞—Å –î–∂–µ—Ñ—Ñ–µ—Ä—Å–æ–Ω —Å–ø–æ—Å–æ–±—Å—Ç–≤–æ–≤–∞–ª –∏—Ö —É—Å–ø–µ—Ö—É? –û—Ç–≤–µ—Ç—ã –Ω–∞ —ç—Ç–∏ –∏ –º–Ω–æ–≥–∏–µ –¥—Ä—É–≥–∏–µ –≤–æ–ø—Ä–æ—Å—ã ‚Äì –≤ –Ω–∞—à–µ–º –≤—ã–ø—É—Å–∫–µ.

–°–æ–¥–µ—Ä–∂–∞–Ω–∏–µ:
00:00 –û —á–µ–º –≤—ã–ø—É—Å–∫
02:10 –ü—å–µ—Ä –î—é–ø–æ–Ω
06:13 –ü–æ–ª–µ–∑–Ω–∞—è —Ä–µ–∫–ª–∞–º–∞
07:47 –î—é–ø–æ–Ω—ã –≤–æ –≤—Ä–µ–º—è –§—Ä–∞–Ω—Ü—É–∑—Å–∫–æ–π —Ä–µ–≤–æ–ª—é—Ü–∏–∏
12:38 –ü–æ–ª–µ–∑–Ω–∞—è —Ä–µ–∫–ª–∞–º–∞
14:07 –≠–º–∏–≥—Ä–∞—Ü–∏—è –≤ –°–®–ê
16:35 –ö–∞–∫ –¢–æ–º–∞—Å –î–∂–µ—Ñ—Ñ–µ—Ä—Å–æ–Ω –ø–æ–¥–¥–µ—Ä–∂–∞–ª –ø–æ—Ä–æ—Ö–æ–≤–æ–π –±–∏–∑–Ω–µ—Å –î—é–ø–æ–Ω–æ–≤
20:08 –ü–æ—Ä–æ—Ö–æ–≤—ã–µ –º–µ–ª—å–Ω–∏—Ü—ã 
23:50 –ö–∞–∫ –ê–ª—å—Ñ—Ä–µ–¥ –î—é–ø–æ–Ω —Å–ø–∞—Å —Å–µ–º–µ–π–Ω—ã–π –±–∏–∑–Ω–µ—Å
28:41 –ê–Ω—Ç–∏–º–æ–Ω–æ–ø–æ–ª—å–Ω–æ–µ —Ä–∞—Å—Å–ª–µ–¥–æ–≤–∞–Ω–∏–µ
30:42 –ü–µ—Ä–≤–∞—è –º–∏—Ä–æ–≤–∞—è –≤–æ–π–Ω–∞ –∏ –∫–æ–º–ø–∞–Ω–∏—è General Motors
32:07 –ü—Ä–æ–±–ª–µ–º—ã –∫–æ–º–ø–∞–Ω–∏–∏ –î—é–ø–æ–Ω–æ–≤ –≤–æ –≤—Ä–µ–º—è –í–µ–ª–∏–∫–æ–π –¥–µ–ø—Ä–µ—Å—Å–∏–∏
34:44 –ü—Ä–æ–∏–∑–≤–æ–¥—Å—Ç–≤–æ –Ω–µ–π–ª–æ–Ω–∞ –∏ —Ç–µ—Ñ–ª–æ–Ω–∞
36:03 –£—á–∞—Å—Ç–∏–µ –≤ –∞—Ç–æ–º–Ω–æ–π –ø—Ä–æ–≥—Ä–∞–º–º–µ –°–®–ê
37:19 –ö–∞–∫ –î—é–ø–æ–Ω—ã –æ—Ç—Ä–∞–≤–ª—è–ª–∏ –°–®–ê
38:13 –ö–∞–∫ –ú–∏–Ω–∞–µ–≤ —á—É—Ç—å –Ω–µ –ø–æ–ø–∞–ª –≤ –î—é–ø–æ–Ω
40:47 –£—á–∞—Å—Ç–∏–µ –≤ –ø—Ä–µ–∑–∏–¥–µ–Ω—Ç—Å–∫–æ–π –≥–æ–Ω–∫–µ
41:33 –°–∫–∞–Ω–¥–∞–ª —Å —É—á–∞—Å—Ç–∏–µ–º –î—é–ø–æ–Ω–æ–≤
42:47 –ö–ª–∞–Ω –î—é–ø–æ–Ω–æ–≤ –≤ –Ω–∞—à–µ –≤—Ä–µ–º—è

–ü–æ–¥–ø–∏—Å—ã–≤–∞–π—Ç–µ—Å—å –Ω–∞ –ú–ò–ù–ê–ï–í LIVE:
–ú–∏–Ω–∞–µ–≤ LIVE –≤ YouTube: https://www.youtube.com/@MINAEVLIVE
–ú–∏–Ω–∞–µ–≤ LIVE Shorts –≤ YouTube: https://www.youtube.com/@minaevliveshorts
–ú–∏–Ω–∞–µ–≤ LIVE –≤ Rutube: https://rutube.ru/channel/32311072/
–ú–∏–Ω–∞–µ–≤ LIVE –≤ –í–ö: https://vk.com/minaev_live
–ú–∏–Ω–∞–µ–≤ LIVE –≤ –î–∑–µ–Ω: https://dzen.ru/minaevlive
–ú–∏–Ω–∞–µ–≤ LIVE –≤ –û–¥–Ω–æ–∫–ª–∞—Å—Å–Ω–∏–∫–∞—Ö: https://ok.ru/minaev.live

–ü–æ–¥–∫–∞—Å—Ç—ã –ú–ò–ù–ê–ï–í LIVE:
–Ø–Ω–¥–µ–∫—Å –ú—É–∑—ã–∫–∞: https://music.yandex.ru/album/24956069",2519,30774,2025-02-28T10:00:57,–î—é–ø–æ–Ω—ã: –ü—Ä–æ–¥–∞–≤—Ü—ã —Å–º–µ—Ä—Ç–∏ –∏–ª–∏ —Ç–∞–ª–∞–Ω—Ç–ª–∏–≤—ã–µ –∏–∑–æ–±—Ä–µ—Ç–∞—Ç–µ–ª–∏? / –ò—Å—Ç–æ—Ä–∏–∏ –º–∏–ª–ª–∏–∞—Ä–¥–æ–≤ / –ú–ò–ù–ê–ï–í,https://rutube.ru/video/f08dcb6e1175fe783c85d8453613aadd/,32311072,155359,"–î–æ–±—Ä–æ –ø–æ–∂–∞–ª–æ–≤–∞—Ç—å –Ω–∞ –∫–∞–Ω–∞–ª –ø–∏—Å–∞—Ç–µ–ª—è, –∂—É—Ä–Ω–∞–ª–∏—Å—Ç–∞, —Ç–µ–ª–µ–≤–µ–¥—É—â–µ–≥–æ, —Å—Ü–µ–Ω–∞—Ä–∏—Å—Ç–∞ –∏ ‚Äî –ø–æ–º–∏–º–æ –≤–æ—Ç —ç—Ç–æ–≥–æ –≤—Å–µ–≥–æ ‚Äî –≥–ª–∞–≤–Ω–æ–≥–æ —Ä–µ–¥–∞–∫—Ç–æ—Ä–∞ –∂—É—Ä–Ω–∞–ª–∞ –ß–¢–ò–í–û –°–µ—Ä–≥–µ—è –ú–∏–Ω–∞–µ–≤–∞.  –ó–¥–µ—Å—å –º—ã —Ä–∞—Å—Å–∫–∞–∑—ã–≤–∞–µ–º  –æ–± –∏—Å—Ç–æ—Ä–∏—á–µ—Å–∫–∏—Ö —Å–æ–±—ã—Ç–∏—è—Ö, –∫–æ—Ç–æ—Ä—ã–µ –∏–∑–º–µ–Ω–∏–ª–∏ –º–∏—Ä.  –†–µ–≥–∏—Å—Ç—Ä–∞—Ü–∏—è –≤ –ø–µ—Ä–µ—á–Ω–µ –†–ö–ù: https://knd.gov.ru/license?id=6736047a05391b3bfb533bd6&registryType=bloggersPermission     –ü–æ –≤–æ–ø—Ä–æ—Å–∞–º —Å–æ—Ç—Ä—É–¥–Ω–∏—á–µ—Å—Ç–≤–∞ –ø–∏—à–∏—Ç–µ: ad@minaevlive.info",195,https://rutube.ru/video/f08dcb6e1175fe783c85d8453613aadd/,1426.0,98.0
27,28627097,–ú–∞–º–∞ –≤ —à–∞–ø–∫–µ,–ù–æ–≤–æ—Å—Ç–∏ –∏ –°–ú–ò,"–ù–û–í–û–°–¢–ò –° –ë–û–õ–¨–®–û–ô –ë–£–ö–í–´. –í—ã–ø—É—Å–∫ 49!

–ü–û–î–î–ï–†–ñ–ê–¢–¨ –ö–ê–ù–ê–õ:
–°–±–µ—Ä–±–∞–Ω–∫ 2202 2032 8171 3323 –ï–∫–∞—Ç–µ—Ä–∏–Ω–∞ –°. 

00:19 –ê: –ê –¢–û –î–†–£–ì–û–ï

02:00 –ë: –ë–ê–†–î–ê–ö 
–ò—Å—Ç–æ—á–Ω–∏–∫: 
https://www.americanthinker.com/articles/2025/02/unmasking_comedian_zelensky_s_deception_and_his_true_role_in_the_war_on_the_global_stage.html  
https://www.bloomberg.com/news/articles/2025-02-24/g-7-may-forgo-joint-statement-in-rupture-over-ukraine-stance?srnd=homepage-europe

06:50 –í: –í–û–í–ê 4% 
–ò—Å—Ç–æ—á–Ω–∏–∫: https://www.spectator.co.uk/article/trump-not-zelensky-is-ukraines-only-hope/ 
https://www.politico.eu/article/boris-johnson-donald-trump-ukraine-rare-minerals-deal/  
https://exxpress.at/politik/demuetigung-fuer-selenskyj-parlament-unterstuetzt-ihn-erst-im-zweiten-anlauf/ 

13:16 –ò: –ò–ù–¢–ï–õ–õ–ï–ö–¢ –í–°–Å

18:25 –ö: –ö–ê–í–ê–†–î–ê–ö 
–ò—Å—Ç–æ—á–Ω–∏–∫: https://gazeta.ua/ru/blog/63053/polyaki-vkrali-91-mln-yevro-v-ukrayini-ci-zh-povernut 
https://www.nytimes.com/2025/02/24/world/europe/putin-trump-russia-ukraine-war.html

–í—Å–µ –æ –ú–í–®:
https://taplink.cc/mama.na.shpilkah
–ø–æ —Å—Å—ã–ª–∫–µ –ø–æ–¥–¥–µ—Ä–∂–∫–∞ –∫–∞–Ω–∞–ª–∞ –∏ –¥—Ä—É–≥–∏–µ —Å–æ—Ü—Å–µ—Ç–∏.

–ü–û–î–ü–ò–°–´–í–ê–ô–¢–ï–°–¨ –ù–ê
Boosty: https://boosty.to/mama.v.shapke
Looky: https://share.looky.com/profile/mama.na.shpilke
–¢–ì: https://t.me/mama_v_shapke














#–º–∞–º–∞–≤—à–∞–ø–∫–µ #—Å–∞–Ω–∫—Ü–∏–∏ #—Å–∞–Ω–∫—Ü–∏–∏–ø—Ä–æ—Ç–∏–≤—Ä–æ—Å—Å–∏–∏¬† #–¥–∞–π–¥–∂–µ—Å—Ç #–Ω–æ–≤–æ—Å—Ç–∏ #–ø–æ–ª–∏—Ç–∏–∫–∞ #—Ä–æ—Å—Å–∏—è #—Å–≤–æ–∏—Ö–Ω–µ–±—Ä–æ—Å–∞–µ–º #–≤–≤–ø¬† #–ø–æ—Å–ª–µ–¥–Ω–∏–µ–Ω–æ–≤–æ—Å—Ç–∏ #–ø—É—Ç–∏–Ω #—Ä—Ñ #—Å–≤–æ  #–∑–∞–ø–∞–¥¬† ¬†¬† #—Å–∞–Ω–∫—Ü–∏–∏–µ–≤—Ä–æ–ø—ã #–≥–∞–∑ #—Å—à–∞ #–∫—Ä–∏–∑–∏—Å¬† #—Å–∞–Ω–∫—Ü–∏–∏–ø—Ä–æ—Ç–∏–≤—Ä—Ñ¬†¬†¬† 
#nytimes #nyt #newyorktimes #–±–∞–π–¥–µ–Ω #–∞–º–µ—Ä–∏–∫–∞ #biden #nypost¬† #–≥—Ä–µ—Ü–∏—è #—Ñ–∏–Ω–ª—è–Ω–¥–∏—è #–µ–≤—Ä–æ–ø–∞ #—ç—Å—Ç–æ–Ω–∏—è #–ª–∞—Ç–≤–∏—è #–ª–∏—Ç–≤–∞ #—Ñ—Ä–∞–Ω—Ü–∏—è #—à–≤–µ–π—Ü–∞—Ä–∏—è #foxnews #–∫—Ä—ã–º
 ¬† #europe #russia¬† #EU #sanctions #germany #news ¬†¬† #—ç–∫–æ–Ω–æ–º–∏–∫–∞  #economy #politics  #politicsnews  #—Å–≤–æ–±–æ–¥–∞—Å–ª–æ–≤–∞ #–¥–µ–º–æ–∫—Ä–∞—Ç–∏—è #–∑–µ–ª–µ–Ω—Å–∫–∞—è  #–∫–∞–ª–∏—Ñ–æ—Ä–Ω–∏—è #california  #—è–ø–æ–Ω–∏—è #—Ç–µ—Ö–Ω–æ–ª–æ–≥–∏–∏  #—É–∫—Ä–∞–∏–Ω–∞ #–∑–µ–ª–µ–Ω—Å–∫–∏–π¬† #—É—Å–ø–µ—Ö   #–∞–º–µ—Ä–∏–∫–∞",1254,20827,2025-03-01T16:31:09,–ß—Ç–æ –∂ —ç—Ç–∏ —è–Ω–∫–∏ —Ç–≤–æ—Ä—è—Ç-—Ç–æ –±–µ—Å—Å–µ—Ä–¥–µ—à–Ω—ã–µ #–ú–í–®,https://rutube.ru/video/8cc5c245783224d10d17b1a36525d4e0/,28627097,54007,"–í–µ–¥—É—â–∞—è –ö–∞—Ç–µ—Ä–∏–Ω–∞ –õ–æ—Ä–µ–Ω—Å. –ï—Å–ª–∏ –≤–∞—Å –∏–Ω—Ç–µ—Ä–µ—Å—É–µ—Ç —Å–æ–∑–∏–¥–∞—Ç–µ–ª—å–Ω–∞—è —Å—Ç–æ—Ä–æ–Ω–∞ –∂–∏–∑–Ω–∏, –¥–æ–±—Ä–æ –ø–æ–∂–∞–ª–æ–≤–∞—Ç—å! –ó–¥–µ—Å—å –º—ã –≤–∏–¥–∏–º –∂–∏–∑–Ω—å —à–∏—Ä–æ–∫–æ –æ—Ç–∫—Ä—ã—Ç—ã–º–∏ –≥–ª–∞–∑–∞–º–∏, –ø–æ—ç—Ç–æ–º—É –≤–∏–¥–∏–º –±–æ–ª—å—à–µ!) –Ø –í –®–ê–ü–ö–ï, –ß–¢–û–ë–´ –ú–´–°–õ–ò –ù–ï –†–ê–ó–ë–ï–ì–ê–õ–ò–°–¨!   –î–æ—Ä–æ–≥–∏–µ –∑—Ä–∏—Ç–µ–ª–∏ –º–æ–µ–≥–æ –∫–∞–Ω–∞–ª–∞, —Å–æ–æ–±—â–∞—é —á—Ç–æ –≥—Ä—É–±—è—â–∏—Ö, —Ö–∞–º—è—â–∏—Ö –º–Ω–µ, —Ä—É–≥–∞—é—â–∏—Ö—Å—è –º–∞—Ç–æ–º  –∏—Å—Ç–µ—Ä–∏—á–Ω—ã—Ö –º—É–∂—á–∏–Ω —è –±–ª–æ–∫–∏—Ä—É—é. –ü–æ—á–µ–º—É –∏–º–µ–Ω–Ω–æ –º—É–∂—á–∏–Ω? –ü–æ—Ç–æ–º—É —á—Ç–æ –Ω–µ—É—Ä–∞–≤–Ω–æ–≤–µ—à–µ–Ω–Ω—ã–µ –∏—Å—Ç–µ—Ä–∏—á–∫–∏ –º—É–∂—Å–∫–æ–≥–æ –ø–æ–ª–∞ –≤—ã–≥–ª—è–¥—è—Ç –æ—Å–æ–±–µ–Ω–Ω–æ –æ—Ç–≤—Ä–∞—Ç–∏—Ç–µ–ª—å–Ω–æ.  –ü–æ–¥–≥–æ—Ç–æ–≤–∫–∞ –∏ –ø—Ä–æ–∏–∑–≤–æ–¥—Å—Ç–≤–æ –∫–∞–∂–¥–æ–≥–æ –≤–∏–¥–µ–æ —ç—Ç–æ –∞–¥–æ–≤—ã–π —Ç—Ä—É–¥. –ò –Ω–∞ —ç—Ç–æ–º —Ñ–æ–Ω–µ –ª—é–±—ã–µ –∏—Å—Ç–µ—Ä–∏–∫–∏, –ø—Ä–µ—Ç–µ–Ω–∑–∏–∏ –∏ —Ç—Ä–µ–±–æ–≤–∞–Ω–∏—è –≤–æ—Å–ø—Ä–∏–Ω–∏–º–∞—é—Ç—Å—è –∫–∞–∫ –Ω–µ–∞–¥–µ–∫–≤–∞—Ç–Ω–æ—Å—Ç—å –∏ –∑–∞–ø—Ä–µ–¥–µ–ª—å–Ω–æ–µ —Ö–∞–º—Å—Ç–≤–æ –∏ –≤–æ–∑–º—É—â–∞—é—Ç. –ó–∞ —Ç–∞–∫–∏—Ö –ª—é–¥–µ–π —è —Ç–æ—á–Ω–æ –¥–µ—Ä–∂–∞—Ç—å—Å—è –Ω–µ –±—É–¥—É. –û–Ω–∏ –Ω–µ –≤—ã–∑—ã–≤–∞—é—Ç —É –º–µ–Ω—è –Ω–∏ —Å–∏–º–ø–∞—Ç–∏–∏,  –Ω–∏ —É–≤–∞–∂–µ–Ω–∏—è.  –¢–µ–º –∂–µ –∫—Ç–æ —É–º–µ–µ—Ç —Ü–µ–Ω–∏—Ç—å —Ç—Ä—É–¥ –¥—Ä—É–≥–∏—Ö, –ø–æ–¥–¥–µ—Ä–∂–∏–≤–∞–µ—Ç –º–µ–Ω—è –∏ –æ—Ç–Ω–æ—Å–∏—Ç—Å—è —Å –ø–æ–Ω–∏–º–∞–Ω–∏–µ–º –∫ –Ω–æ–≤–æ–º—É, –∫—Ä–∏—Ç–∏–∫—É—é—Ç –∫–æ–Ω—Å—Ç—Ä—É–∫—Ç–∏–≤–Ω–æ –∏ —Å —É–≤–∞–∂–µ–Ω–∏–µ–º - –æ–≥—Ä–æ–º–Ω–æ–µ —Å–ø–∞—Å–∏–±–æ! –í—ã –≤–¥–æ—Ö–Ω–æ–≤–ª—è–µ—Ç–µ –º–µ–Ω—è –Ω–µ –æ–ø—É—Å–∫–∞—Ç—å —Ä—É–∫–∏!  –ü–û–î–î–ï–†–ñ–ê–¢–¨ –ö–ê–ù–ê–õ: –°–±–µ—Ä–±–∞–Ω–∫ 2202 2032 8171 3323 –ï–∫–∞—Ç–µ—Ä–∏–Ω–∞ –°.  –ü–µ—Ä–µ—á–µ–Ω—å –†–ö–ù: https://clck.ru/3ExLz3",265,https://rutube.ru/video/8cc5c245783224d10d17b1a36525d4e0/,4424.0,247.0
28,23762839,Lowvert,–†–∞–∑–≤–ª–µ—á–µ–Ω–∏—è,"–ö–∞—á–µ—Å—Ç–≤–µ–Ω–Ω—ã–π —Å—Ç–∏–ª—å ‚Äî —ç—Ç–æ –Ω–µ –ø—Ä–æ—Å—Ç–æ –≤–Ω–µ—à–Ω–∏–π –≤–∏–¥, –∞ –∏–Ω—Å—Ç—Ä—É–º–µ–Ω—Ç, –∫–æ—Ç–æ—Ä—ã–π –ø–æ–º–æ–≥–∞–µ—Ç –¥–æ—Å—Ç–∏–≥–∞—Ç—å —É—Å–ø–µ—Ö–∞ –∏ –∑–∞—Ä–∞–±–∞—Ç—ã–≤–∞—Ç—å –±–æ–ª—å—à–µ. –í —ç—Ç–æ–º –≤–∏–¥–µ–æ —Ä–∞–∑–±–µ—Ä—ë–º, –∫–∞–∫ –ø—Ä–∞–≤–∏–ª—å–Ω–æ –ø–æ–¥–±–∏—Ä–∞—Ç—å –≥–∞—Ä–¥–µ—Ä–æ–±, –∫–∞–∫–∏–µ –¥–µ—Ç–∞–ª–∏ –¥–µ–ª–∞—é—Ç –æ–±—Ä–∞–∑ —Å—Ç–∞—Ç—É—Å–Ω—ã–º –∏ –∫–∞–∫–æ–µ –≤–ª–∏—è–Ω–∏–µ —Å—Ç–∏–ª—å –æ–∫–∞–∑—ã–≤–∞–µ—Ç –Ω–∞ –≤–æ—Å–ø—Ä–∏—è—Ç–∏–µ –≤–∞—Å –æ–∫—Ä—É–∂–∞—é—â–∏–º–∏. –û—à–∏–±–∫–∏, –∫–æ—Ç–æ—Ä—ã–µ –º–µ—à–∞—é—Ç –ø—Ä–æ–∏–∑–≤–æ–¥–∏—Ç—å –ø—Ä–∞–≤–∏–ª—å–Ω–æ–µ –≤–ø–µ—á–∞—Ç–ª–µ–Ω–∏–µ, –∏ –ø—Ä–∞–∫—Ç–∏—á–Ω—ã–µ —Å–æ–≤–µ—Ç—ã, –∫–æ—Ç–æ—Ä—ã–µ –ø–æ–º–æ–≥—É—Ç –≤—ã–≥–ª—è–¥–µ—Ç—å —É–≤–µ—Ä–µ–Ω–Ω–æ –∏ –¥–æ—Ä–æ–≥–æ –±–µ–∑ –ª–∏—à–Ω–∏—Ö –∑–∞—Ç—Ä–∞—Ç.",369,2677,2025-02-25T15:16:41,–ö–∞—á–µ—Å—Ç–≤–µ–Ω–Ω—ã–π —Å—Ç–∏–ª—å –ø–æ–º–æ–∂–µ—Ç –∑–∞—Ä–∞–±–∞—Ç—ã–≤–∞—Ç—å,https://rutube.ru/video/23340c12e1f8834e3c573aec92a8352d/,23762839,7946,"–†–∞—Å—Å–∫–∞–∑—ã–≤–∞—é –æ –≤–∞—à–∏—Ö –ø—Ä–∞–≤–∞—Ö –¥–æ—Å—Ç—É–ø–Ω—ã–º —è–∑—ã–∫–æ–º.  –Ø - –î–º–∏—Ç—Ä–∏–π, –±–ª–æ–≥–µ—Ä-—é—Ä–∏—Å—Ç —Å –∫—Ä–∞—Å–Ω—ã–º –¥–∏–ø–ª–æ–º–æ–º. –ú–Ω–µ –≤—Å–µ–≥–æ 24 –≥–æ–¥–∞, –∞ —è —É–∂–µ –≤—ã–∏–≥—Ä—ã–≤–∞—é –¥–µ–ª–∞ –≤ —Å—É–¥–µüî•",29,https://rutube.ru/video/23340c12e1f8834e3c573aec92a8352d/,834.0,5.0
29,32774478,–ë—Ä–µ–∫–æ—Ç–∏–Ω –°–µ—Ä–≥–µ–π,–ù–æ–≤–æ—Å—Ç–∏ –∏ –°–ú–ò,"–ü–µ—Ä–≤—ã–π –º–µ—Å—è—Ü —Å–æ—Ç—Ä—É–¥–Ω–∏—á–µ—Å—Ç–≤–∞ –≤—Å–µ–≥–¥–∞ –±–µ—Å–ø–ª–∞—Ç–Ω—ã–π.
–°—Å—ã–ª–∫–∞ –Ω–∞ –ú–ê–ö–û –≤ –æ–ø–∏—Å–∞–Ω–∏–∏
https://mako.expert/ ¬´–ú–ê–ö–û.–≠–∫—Å–ø–µ—Ä—Ç¬ª ‚Äî –ø–µ—Ä–≤—ã–π –≤ –†–æ—Å—Å–∏–∏ –±—É—Ö–≥–∞–ª—Ç–µ—Ä—Å–∫–∏–π –∫–æ–Ω–≤–µ–π–µ—Ä. –ë—É—Ö–≥–∞–ª—Ç–µ—Ä–∏—è, –∫–∞–∫ —É –∫—Ä—É–ø–Ω—ã—Ö –∫–æ—Ä–ø–æ—Ä–∞—Ü–∏–π, –¥–æ—Å—Ç—É–ø–Ω–∞—è –¥–ª—è –ª—é–±—ã—Ö —Ñ–æ—Ä–º –±–∏–∑–Ω–µ—Å–∞./

–†–ï–ö–õ–ê–ú–ê, –û–û–û ""–ù–ï–í–ê-–§–ò–ù–ê–ù–°"", –ò–ù–ù 7816600904 ERID:2W5zFJd3DhJ

–ü–æ–¥–ø–∏—Å—ã–≤–∞–π—Ç–µ—Å—å –Ω–∞ –¥—Ä—É–≥–∏–µ —Å–æ—Ü–∏–∞–ª—å–Ω—ã–µ —Å–µ—Ç–∏:
https://boosty.to/brekotins
https://dzen.ru/brekotin_s - –î–∑–µ–Ω-–ª–µ–Ω—Ç–∞
https://rutube.ru/u/BrekotinS/ - RuTube 
https://t.me/sbrekotin - Telegram
https://vk.com/brekotins - –í–ö
https://ok.ru/brekotins - OK
https://yappy.media/n/brekotin - YAPPY
https://l.likee.video/p/nTumUc - LIKEE
https://share.looky.com/profile/2a58a087-33dd-4f2b-a90a-36234d9cf62f - LOOKY

–°–±–µ—Ä–±–∞–Ω–∫ –ú–ò–†: 2202 2081 0629 7196
https://www.donationalerts.com/r/aftershocknews
–ü–æ –≤–æ–ø—Ä–æ—Å—É —Ä–∞–∑–º–µ—â–µ–Ω–∏—è —Ä–µ–∫–ª–∞–º–Ω—ã—Ö –∏–Ω—Ç–µ–≥—Ä–∞—Ü–∏–π - –æ–±—Ä–∞—â–∞–π—Ç–µ—Å—å –Ω–∞ email agent_aftershock@mail.ru

–í –∏–Ω–æ—Å—Ç—Ä–∞–Ω–Ω–æ–º —Å–µ–≥–º–µ–Ω—Ç–µ –°–µ—Ç–∏ —Ä–∞—Å—Ö–æ–¥–∏—Ç—Å—è –≤–∏–¥–µ–æ, –∑–∞–ø–∏—Å–∞–Ω–Ω–æ–µ —Ä–æ—Å—Å–∏–π—Å–∫–∏–º–∏ –±–æ–π—Ü–∞–º–∏-—è–∫—É—Ç–∞–º–∏ –Ω–∞ —É–≥–Ω–∞–Ω–Ω–æ–º —É —É–∫—Ä–∞–∏–Ω—Ü–µ–≤ —Ç–∞–Ω–∫–µ Leopard, —Å–æ–æ–±—â–∞–µ—Ç ""–í–æ–µ–Ω–Ω–∞—è —Ö—Ä–æ–Ω–∏–∫–∞"". –ú–∞—à–∏–Ω–∞ —Å–æ–≤–µ—Ä—à–µ–Ω–Ω–æ —Ü–µ–ª–∞—è –∏ –¥–≤–∏–∂–µ—Ç—Å—è —Å–≤–æ–∏–º —Ö–æ–¥–æ–º. –í–∏–¥–∏–º–æ, —ç—Ç–æ –¥–µ–π—Å—Ç–≤–∏—Ç–µ–ª—å–Ω–æ –±—ã–ª —É–≥–æ–Ω, –∞ –Ω–µ –ø–æ–¥–±–∏—Ç–∏–µ –∏–ª–∏ —Å–∏–ª–æ–≤–æ–π –∑–∞—Ö–≤–∞—Ç.
–®–µ—Å—Ç–µ—Ä–æ —Ä–æ—Å—Å–∏–π—Å–∫–∏—Ö —à—Ç—É—Ä–º–æ–≤–∏–∫–æ–≤ —Å–∏–¥—è—Ç –Ω–∞ –±–∞—à–Ω–µ —Ç–∞–Ω–∫–∞ –ø–æ–¥ –Ω–µ–ø–æ–≤—Ä–µ–∂–¥—ë–Ω–Ω—ã–º, –æ–±—Ç—è–Ω—É—Ç—ã–º –º–∞—Å–∫–∏—Ä–æ–≤–æ—á–Ω–æ–π —Å–µ—Ç—å—é –≤—ã—Å–æ–∫–∏–º ""–º–∞–Ω–≥–∞–ª–æ–º"". –û–Ω–∏ —à—É—Ç—è—Ç –∏ —Å–º–µ—é—Ç—Å—è. –ï—Å–ª–∏ –±—ã –Ω–µ –∞–≤—Ç–æ–º–∞—Ç—ã, –∫–∞—Å–∫–∏ –∏ –±—Ä–æ–Ω–µ–∂–∏–ª–µ—Ç—ã, –∏—Ö –º–æ–∂–Ω–æ –ø—Ä–∏–Ω—è—Ç—å –∑–∞ –∫–æ–º–ø–∞–Ω–∏—é –¥—Ä—É–∑–µ–π –≤ –¥–∞—á–Ω–æ–π –±–µ—Å–µ–¥–∫–µ.
""–í–æ—Ç, ""–õ–µ–æ–ø–∞—Ä–¥"" —É–≥–Ω–∞–ª–∏"", - –≥–æ–≤–æ—Ä–∏—Ç –æ–¥–∏–Ω. –í—Å–µ —Ö–æ—Ö–æ—á—É—Ç.
–ò–Ω—Ç–µ—Ä–µ—Å–Ω–∞—è –¥–µ—Ç–∞–ª—å: ""–º–∞–Ω–≥–∞–ª"" –Ω–µ–º–µ—Ü–∫–æ–≥–æ —Ç–∞–Ω–∫–∞ –ø–æ –±–æ–∫–∞–º —É—Å–∏–ª–µ–Ω –±—Ä–æ–Ω–µ–≤—ã–º–∏ –ø–ª–∞—Å—Ç–∏–Ω–∞–º–∏ —Å –±–æ–π–Ω–∏—Ü–∞–º–∏ –≤ –Ω–∏—Ö - –¥–ª—è –∑–∞—â–∏—Ç—ã –¥–µ—Å–∞–Ω—Ç–∞ –∏ –≤–µ—Ä—Ö–Ω–µ–π —á–∞—Å—Ç–∏ –±–∞—à–Ω–∏ –æ—Ç –±–µ—Å–ø–∏–ª–æ—Ç–Ω–∏–∫–æ–≤ –∏ —Å—Ç—Ä–µ–ª–∫–æ–≤–æ–≥–æ –æ—Ä—É–∂–∏—è. –ü–ª–∞—Å—Ç–∏–Ω—ã —Å–∫—Ä–µ–ø–ª–µ–Ω—ã –¥—Ä—É–≥ —Å –¥—Ä—É–≥–æ–º –∑–∏–≥–∑–∞–≥–æ–º –¥–ª—è —É–≤–µ–ª–∏—á–µ–Ω–∏—è –≤–µ—Ä–æ—è—Ç–Ω–æ—Å—Ç–∏ —Ä–∏–∫–æ—à–µ—Ç–∞.
–ë—Ä–µ–¥–ª–∏ —Ç—ã—Ä–∏—Ç—å —É–∂–µ –Ω–µ –∏–Ω—Ç–µ—Ä–µ—Å–Ω–æ —Å—Ç–∞–ª–æ –Ω–∞–≤–µ—Ä–Ω–æ–µ, —Å–ø—ë—Ä–ª–∏ —Ç–∞–Ω–∫.

00:00 –Ø–∫—É—Ç—ã —É–≥–Ω–∞–ª–∏ Leopard
01:08 –†–æ—Å—Å–∏–π—Å–∫–∏–µ –≤–æ–π—Å–∫–∞ –æ—Å–≤–æ–±–æ–¥–∏–ª–∏ –Ω–∞—Å–µ–ª—ë–Ω–Ω—ã–µ –ø—É–Ω–∫—Ç—ã –û—Ä–ª–æ–≤–∫—É
01:43 –ö—Ä–∞—Ç–∫–æ –æ –Ω–æ–≤–æ—Å—Ç—è—Ö –†–æ—Å—Å–∏–∏
03:42 –†–µ–∫–ª–∞–º–∞
05:12 –ò–Ω–æ–∞–≥–µ–Ω—Ç—ã
05:43 –ú–∏–Ω—Ç—Ä–∞–Ω—Å –†–æ—Å—Å–∏–∏ –≤—ã—Å—Ç—É–ø–∞–µ—Ç –∑–∞ –≤–≤–µ–¥–µ–Ω–∏–µ –≤–æ–∑—Ä–∞—Å—Ç–Ω—ã—Ö –æ–≥—Ä–∞–Ω–∏—á–µ–Ω–∏–π –Ω–∞ –≤–æ–∂–¥–µ–Ω–∏–µ —ç–ª–µ–∫—Ç—Ä–æ—Å–∞–º–æ–∫–∞—Ç–æ–≤
06:58 –°–®–ê –∏ –£–∫—Ä–∞–∏–Ω–∞
07:10 –ú–∏–≥—Ä–∞–Ω—Ç—ã
07:50 –í –†—É–º—ã–Ω–∏–∏ –ø–æ–ª–∏—Ü–µ–π—Å–∫–∏–µ –∑–∞–¥–µ—Ä–∂–∞–ª–∏ –∫–∞–Ω–¥–∏–¥–∞—Ç–∞ –≤ –ø—Ä–µ–∑–∏–¥–µ–Ω—Ç—ã
08:42 –í–ª–∞—Å—Ç–∏ –ú–æ–ª–¥–∞–≤–∏–∏ –∑–∞–ø—É—Å—Ç–∏–ª–∏ –ø—Ä–æ—Ü–µ—Å—Å –∑–∞–∫—Ä—ã—Ç–∏—è –†—É—Å—Å–∫–æ–≥–æ –¥–æ–º–∞ –≤ –ö–∏—à–∏–Ω–µ–≤–µ
09:49 USAID
10:58 –†–ê–ó–ù–û–ï

–ò—Å—Ç–æ—á–Ω–∏–∫–∏:
https://aftershock.news/?q=node/1480216
https://t.me/rybar/68408 
https://t.me/tass_agency
https://tass.ru/obschestvo/23241355

#–ë—Ä–µ–∫–æ—Ç–∏–Ω #–Ω–æ–≤–æ—Å—Ç–∏  #–ø–æ–ª–∏—Ç–∏–∫–∞ #–†–æ—Å—Å–∏—è #–°–í–û #—ç–∫–æ–Ω–æ–º–∏–∫–∞ #–ø—É—Ç–∏–Ω #–Ω–∞—Ç–æ #Leopard #–∏–Ω–æ–∞–≥–µ–Ω—Ç—ã #–≤—Å—É #–º–∏–Ω—Ç—Ä–∞–Ω—Å #—ç–ª–µ–∫—Ç—Ä–æ—Å–∞–º–æ–∫–∞—Ç—ã #—Å—à–∞ #—É–∫—Ä–∞–∏–Ω–∞ #–º–∏–≥—Ä–∞–Ω—Ç—ã #—Ä—É–º—ã–Ω–∏—è  #USAID",844,14954,2025-03-01T14:03:38,–ë–æ–π—Ü—ã –∏–∑ –Ø–∫—É—Ç–∏–∏ —É–≥–Ω–∞–ª–∏ —É –í–°–£ —Ç–∞–Ω–∫ Leopard| –ë–†–ï–ö–û–¢–ò–ù,https://rutube.ru/video/e173c0fe993d56fc2bb031d5473038dc/,32774478,43375,–õ–∏—á–Ω—ã–π –∫–∞–Ω–∞–ª –ë—Ä–µ–∫–æ—Ç–∏–Ω–∞ –°–µ—Ä–≥–µ—è. –í–∑–≥–ª—è–¥ –Ω–∞ —Ç–µ–∫—É—â–∏–µ –Ω–æ–≤–æ—Å—Ç–∏ —Å —Ç–æ—á–∫–∏ –∑—Ä–µ–Ω–∏—è —Ñ–∏–∑–∏–∫–∏ –ø—Ä–æ—Ü–µ—Å—Å–æ–≤ –∏ –∑–¥—Ä–∞–≤–æ–≥–æ —Å–º—ã—Å–ª–∞.  https://knd.gov.ru/license?id=678915cd8e552d6b54c870c4&registryType=bloggersPermission  –ù–æ–º–µ—Ä —Ä–µ–≥–∏—Å—Ç—Ä–∞—Ü–∏–∏ –≤ –†–ö–ù ‚Ññ 5007517551  –≠—Ç–æ –Ω–æ–º–µ—Ä –∑–∞—è–≤–ª–µ–Ω–∏—è,771,,,
